"Address","Content Type","Status Code","Status"
"https://teksea.net/","text/html; charset=UTF-8","200","OK"
"https://teksea.net/wp-content/uploads/2026/02/svg-Bombas-e-Fluxometro.svg","image/svg+xml","200","OK"
"https://teksea.net/wp-content/plugins/creame-whatsapp-me/public/css/joinchat-btn.min.css?ver=6.2.3","text/css; charset=utf-8","200","OK"
"https://teksea.net/wp-content/uploads/2026/02/svg-Mobilidade-Eletrica.svg","image/svg+xml","200","OK"
"https://teksea.net/wp-content/uploads/2026/02/Assinatura-Horizontal-Preta.svg","image/svg+xml","200","OK"
"https://teksea.net/wp-content/uploads/2026/02/svg-Acucar-Etanol.svg","image/svg+xml","200","OK"
"https://teksea.net/mercados-que-atendemos/hidroeletrica/","text/html; charset=UTF-8","200","OK"
"https://teksea.net/produto/tekpower-scr/","text/html; charset=UTF-8","200","OK"
"https://teksea.net/produtos/","text/html; charset=UTF-8","200","OK"
"https://teksea.net/subcategoria/tiristorizados-scr/","text/html; charset=UTF-8","200","OK"
"https://teksea.net/eventos/flibs-fort-lauderdale-international-boat-show/","text/html; charset=UTF-8","200","OK"
"https://teksea.net/wp-content/uploads/2026/02/img_utilidades_e_infraestrutura.webp","image/webp","200","OK"
"https://teksea.net/wp-content/plugins/gtranslate/js/dropdown.js?ver=3.1.1","text/javascript; charset=utf-8","200","OK"
"https://teksea.net/wp-content/uploads/2026/03/kral_esta_es_leo_lubrificante-1024x1024.webp","image/webp","200","OK"
"https://teksea.net/wp-content/uploads/2026/03/ams1024_m_dulo_para_monitora_o_e_alarmes-1024x1024.webp","image/webp","200","OK"
"https://teksea.net/eventos/international-workboat-show/","text/html; charset=UTF-8","200","OK"
"https://teksea.net/wp-includes/js/jquery/jquery.min.js?ver=3.7.1","text/javascript; charset=utf-8","200","OK"
"https://teksea.net/mercados-que-atendemos/telecomunicacoes/","text/html; charset=UTF-8","200","OK"
"https://teksea.net/wp-content/cache/min/1/wp-content/themes/hello-elementor/assets/js/hello-frontend.js?ver=1782299569","text/javascript; charset=utf-8","200","OK"
"https://teksea.net/wp-content/uploads/2026/02/svg-Papel-Celulose.svg","image/svg+xml","200","OK"
"https://teksea.net/wp-content/uploads/2026/03/gradil_tekbox_1-1024x1024.webp","image/webp","200","OK"
"https://teksea.net/mercados-que-atendemos/petroleo-gas/","text/html; charset=UTF-8","200","OK"
"https://teksea.net/wp-content/uploads/2026/02/svg-Representante.svg","image/svg+xml","200","OK"
"https://teksea.net/wp-content/uploads/2026/03/images-1.jpeg","image/jpeg","200","OK"
"https://teksea.net/wp-content/uploads/2026/02/scr3_1_02_04_25-1024x1024.webp","image/webp","200","OK"
"https://teksea.net/wp-includes/js/jquery/jquery-migrate.min.js?ver=3.4.1","text/javascript; charset=utf-8","200","OK"
"https://teksea.net/subcategoria/gateways-proprietarios-multiprotocolos/","text/html; charset=UTF-8","200","OK"
"https://teksea.net/segmento/bombas-e-fluxometros/","text/html; charset=UTF-8","200","OK"
"https://teksea.net/subcategoria/parafuso-triplo/","text/html; charset=UTF-8","200","OK"
"https://teksea.net/subcategoria/ups-nobreak/","text/html; charset=UTF-8","200","OK"
"https://teksea.net/wp-content/uploads/2026/02/svg-Naval-Portos.svg","image/svg+xml","200","OK"
"https://teksea.net/subcategoria/radio-telecom/","text/html; charset=UTF-8","200","OK"
"https://teksea.net/eventos/nt-expo-negocios-nos-trilhos/","text/html; charset=UTF-8","200","OK"
"https://teksea.net/wp-content/uploads/2026/02/svg-Petroleo-Gas.svg","image/svg+xml","200","OK"
"https://teksea.net/wp-content/uploads/2026/02/svg-fale-com-a-TekSea.svg","image/svg+xml","200","OK"
"https://teksea.net/produto/consoles-e-mesas-de-controle/","text/html; charset=UTF-8","200","OK"
"https://teksea.net/wp-content/uploads/2026/02/svg-Eventos.svg","image/svg+xml","200","OK"
"https://teksea.net/wp-content/uploads/2026/03/scr_igbt_1_02_04_25-1024x1024.webp","image/webp","200","OK"
"https://teksea.net/wp-content/uploads/2026/02/svg-Quem-Somos.svg","image/svg+xml","200","OK"
"https://teksea.net/produto/industria-paineis-de-distribuicao-eletrica/","text/html; charset=UTF-8","200","OK"
"https://teksea.net/wp-content/uploads/2026/02/svg-Documentacao.svg","image/svg+xml","200","OK"
"https://teksea.net/subcategoria/baterias/","text/html; charset=UTF-8","200","OK"
"https://teksea.net/mercados-que-atendemos/saneamento/","text/html; charset=UTF-8","200","OK"
"https://teksea.net/produto/iot-internet-of-things-skytek/","text/html; charset=UTF-8","200","OK"
"https://teksea.net/produto/retificador-carregador-chaveado-tps125/","text/html; charset=UTF-8","200","OK"
"https://teksea.net/produto/gradil-tekbox-heavy-duty/","text/html; charset=UTF-8","200","OK"
"https://teksea.net/teksea-e-recertificada-na-iso-90012015-consolidando-seu-padrao-de-excelencia-em-qualidade/","text/html; charset=UTF-8","200","OK"
"https://teksea.net/wp-content/uploads/2026/02/svg-Siderurgia-mineracao.svg","image/svg+xml","200","OK"
"https://teksea.net/eventos/sc-expo-defense/","text/html; charset=UTF-8","200","OK"
"https://teksea.net/wp-content/uploads/2026/02/svg-Automacao.svg","image/svg+xml","200","OK"
"https://teksea.net/wp-content/cache/min/1/wp-content/plugins/jet-search/assets/lib/jet-plugins/jet-plugins.js?ver=1782299569","text/javascript; charset=utf-8","200","OK"
"https://teksea.net/wp-includes/js/imagesloaded.min.js?ver=5.0.0","text/javascript; charset=utf-8","200","OK"
"https://teksea.net/sobre-nos/","text/html; charset=UTF-8","200","OK"
"https://teksea.net/mercados-que-atendemos/transporte/","text/html; charset=UTF-8","200","OK"
"https://teksea.net/wp-content/uploads/2026/03/images-2.jpeg","image/jpeg","200","OK"
"https://teksea.net/wp-content/uploads/2026/02/img_telecomunica_es_e_data_center.webp","image/webp","200","OK"
"https://teksea.net/wp-content/uploads/2026/02/img_leo_g_s_e_offshore.webp","image/webp","200","OK"
"https://teksea.net/produto/thor-monitoramento-remoto/","text/html; charset=UTF-8","200","OK"
"https://teksea.net/wp-content/uploads/2026/03/img_post_noticia_auditoria.webp","image/webp","200","OK"
"https://teksea.net/wp-content/cache/min/1/wp-content/plugins/mask-form-elementor/assets/js/new-input-mask.js?ver=1782299569","text/javascript; charset=utf-8","200","OK"
"https://teksea.net/wp-content/plugins/download-manager/assets/js/front.min.js?ver=3.3.62","text/javascript; charset=utf-8","200","OK"
"https://teksea.net/cdn-cgi/scripts/5c5dd728/cloudflare-static/email-decode.min.js","application/javascript","200","OK"
"https://teksea.net/wp-content/uploads/2026/03/kral_bombas_s_rie_k-1024x1024.webp","image/webp","200","OK"
"https://teksea.net/wp-content/uploads/2026/03/images-3.jpeg","image/jpeg","200","OK"
"https://teksea.net/wp-content/uploads/2026/02/svg-Acessorios.svg","image/svg+xml","200","OK"
"https://teksea.net/produto/bms-sistema-de-monitoramento-de-baterias/","text/html; charset=UTF-8","200","OK"
"https://teksea.net/investimentos-bacia-de-campos-setor-offshore/","text/html; charset=UTF-8","200","OK"
"https://teksea.net/wp-content/uploads/2026/04/OFF-TEKSEA-SITE-NOTICIA-1-scaled.png","image/png","200","OK"
"https://teksea.net/produto/tekleakage-monitoramento-de-isolacao-em-barramentos-eletricos/","text/html; charset=UTF-8","200","OK"
"https://teksea.net/wp-content/uploads/2026/03/corenet_corebox_g2-1024x1024.webp","image/webp","200","OK"
"https://teksea.net/produto/teknav-nlc-painel-luzes-de-navegacao-e-sinalizacao/","text/html; charset=UTF-8","200","OK"
"https://teksea.net/subcategoria/compactos-moveis/","text/html; charset=UTF-8","200","OK"
"https://teksea.net/wp-content/uploads/2026/03/kral_display_e_unidade_de_processamento_bem500-1024x1024.webp","image/webp","200","OK"
"https://teksea.net/mercados-que-atendemos/mobilidade-eletrica/","text/html; charset=UTF-8","200","OK"
"https://teksea.net/wp-content/uploads/2026/02/svg-Energia.svg","image/svg+xml","200","OK"
"https://teksea.net/wp-content/uploads/2026/02/svg-Transporte.svg","image/svg+xml","200","OK"
"https://teksea.net/wp-content/uploads/2026/02/img_industrial.webp","image/webp","200","OK"
"https://teksea.net/wp-content/uploads/2026/02/svg-video.svg","image/svg+xml","200","OK"
"https://teksea.net/wp-content/uploads/2026/02/svg-Defesa-Seguranca.svg","image/svg+xml","200","OK"
"https://teksea.net/documentacao/","text/html; charset=UTF-8","200","OK"
"https://teksea.net/subcategoria/conversor-estatico/","text/html; charset=UTF-8","200","OK"
"https://teksea.net/wp-content/uploads/2026/03/tekmation_iamcs_sistema_integrado_de_automa_o-1024x1024.webp","image/webp","200","OK"
"https://teksea.net/wp-content/cache/min/1/lenis@1.1.18/dist/lenis.min.js?ver=1782299569","text/javascript; charset=utf-8","200","OK"
"https://teksea.net/wp-content/uploads/2026/03/tps125_1_02_04_25-1024x1024.webp","image/webp","200","OK"
"https://teksea.net/wp-content/uploads/2026/02/svg-Energia-Critica.svg","image/svg+xml","200","OK"
"https://teksea.net/wp-content/plugins/elementor/assets/js/webpack.runtime.min.js?ver=4.1.4","text/javascript; charset=utf-8","200","OK"
"https://teksea.net/auditoria-da-petrobras-e-concluida-com-sucesso-e-reforca-qualidade-da-teksea/","text/html; charset=UTF-8","200","OK"
"https://teksea.net/mercados-que-atendemos/defesa-seguranca/","text/html; charset=UTF-8","200","OK"
"https://teksea.net/wp-content/uploads/2026/04/img_bumenau_atualizado.webp","image/webp","200","OK"
"https://teksea.net/wp-includes/js/dist/hooks.min.js?ver=7496969728ca0f95732d","text/javascript; charset=utf-8","200","OK"
"https://teksea.net/wp-content/plugins/download-manager/assets/modal/wpdm-modal.min.js?ver=3.3.62","text/javascript; charset=utf-8","200","OK"
"https://teksea.net/produto/kral-display-e-unidade-de-processamento-bem500/","text/html; charset=UTF-8","200","OK"
"https://teksea.net/wp-content/plugins/creame-whatsapp-me/public/js/joinchat.min.js?ver=6.2.3","text/javascript; charset=utf-8","200","OK"
"https://teksea.net/produto/ups-industrial-scr-igbt/","text/html; charset=UTF-8","200","OK"
"https://teksea.net/wp-content/uploads/2026/02/Logo-Teksea-Branco.svg","image/svg+xml","200","OK"
"https://teksea.net/produto/tms-1000-monitoracao-e-alarmes-de-tanques/","text/html; charset=UTF-8","200","OK"
"https://teksea.net/wp-content/uploads/2026/02/svg-Saneamento.svg","image/svg+xml","200","OK"
"https://teksea.net/wp-content/uploads/2026/03/corebox_smart_g1-1024x1024.webp","image/webp","200","OK"
"https://teksea.net/subcategoria/protecao/","text/html; charset=UTF-8","200","OK"
"https://teksea.net/mercados-que-atendemos/acucar-etanol/","text/html; charset=UTF-8","200","OK"
"https://teksea.net/wp-content/uploads/2026/03/NT-Expo-_-o-que-fazer-no-terceiro-dia.jpg","image/jpeg","200","OK"
"https://teksea.net/wp-content/uploads/2026/03/gen1.webp","image/webp","200","OK"
"https://teksea.net/segmento/automacao/","text/html; charset=UTF-8","200","OK"
"https://teksea.net/mercados-que-atendemos/siderurgia-mineracao/","text/html; charset=UTF-8","200","OK"
"https://teksea.net/noticias/","text/html; charset=UTF-8","200","OK"
"https://teksea.net/segmento/acessorios/","text/html; charset=UTF-8","200","OK"
"https://teksea.net/produto/marine-paineis-distribuicao-principal-e-auxiliares/","text/html; charset=UTF-8","200","OK"
"https://teksea.net/wp-content/plugins/elementor-pro/assets/js/elements-handlers.min.js?ver=4.1.2","text/javascript; charset=utf-8","200","OK"
"https://teksea.net/wp-content/plugins/elementor/assets/lib/swiper/v8/swiper.min.js?ver=8.4.5","text/javascript; charset=utf-8","200","OK"
"https://teksea.net/wp-content/cache/min/1/wp-content/plugins/mask-form-elementor/assets/js/custom-mask-script.js?ver=1782299569","text/javascript; charset=utf-8","200","OK"
"https://teksea.net/produto/kral-estacoes-oleo-lubrificante/","text/html; charset=UTF-8","200","OK"
"https://teksea.net/wp-content/uploads/2026/02/img_sp.webp","image/webp","200","OK"
"https://teksea.net/produto/kral-bombas-serie-k/","text/html; charset=UTF-8","200","OK"
"https://teksea.net/mercados-que-atendemos/energia/","text/html; charset=UTF-8","200","OK"
"https://teksea.net/subcategoria/inversor-cc-ca-com-chave-estatica/","text/html; charset=UTF-8","200","OK"
"https://teksea.net/wp-content/uploads/2026/03/1920.webp","image/webp","200","OK"
"https://teksea.net/produto/radares/","text/html; charset=UTF-8","200","OK"
"https://teksea.net/wp-content/uploads/2026/02/svg-Telecomunicacoes.svg","image/svg+xml","200","OK"
"https://teksea.net/wp-content/cache/min/1/wp-content/plugins/jet-engine/assets/js/frontend/modules/jet-smart-filters.js?ver=1782299569","text/javascript; charset=utf-8","200","OK"
"https://teksea.net/wp-content/cache/min/1/wp-content/plugins/jet-engine/assets/js/frontend/frontend.js?ver=1782299569","text/javascript; charset=utf-8","200","OK"
"https://teksea.net/produto/display-ecdis/","text/html; charset=UTF-8","200","OK"
"https://teksea.net/wp-content/uploads/2026/03/ind_stria_pain_is_de_distribui_o_el_trica-1024x1024.webp","image/webp","200","OK"
"https://teksea.net/wp-content/uploads/2026/02/img_naval_e_portu_rio.webp","image/webp","200","OK"
"https://teksea.net/wp-content/plugins/download-manager/assets/js/wpdm.min.js?ver=7.0","text/javascript; charset=utf-8","200","OK"
"https://teksea.net/produto/tekmation-iamcs-sistema-integrado-de-automacao/","text/html; charset=UTF-8","200","OK"
"https://teksea.net/wp-content/uploads/2026/03/bms_1_02_04_25-1024x1024.webp","image/webp","200","OK"
"https://teksea.net/wp-content/uploads/2026/02/svg-Hidroeletrica.svg","image/svg+xml","200","OK"
"https://teksea.net/wp-content/uploads/2026/03/img_post_noticia_iso_9001_v2.webp","image/webp","200","OK"
"https://teksea.net/subcategoria/bombas-de-parafuso-duplo/","text/html; charset=UTF-8","200","OK"
"https://teksea.net/segmento/energia-critica/","text/html; charset=UTF-8","200","OK"
"https://teksea.net/subcategoria/chaveados-modulares-tps/","text/html; charset=UTF-8","200","OK"
"https://teksea.net/wp-includes/js/dist/i18n.min.js?ver=781d11515ad3d91786ec","text/javascript; charset=utf-8","200","OK"
"https://teksea.net/wp-content/plugins/elementor-pro/assets/js/frontend.min.js?ver=4.1.2","text/javascript; charset=utf-8","200","OK"
"https://teksea.net/produto/ams1024-modulo-para-monitoracao-e-alarmes/","text/html; charset=UTF-8","200","OK"
"https://teksea.net/eventos/mostra-bid-brasil/","text/html; charset=UTF-8","200","OK"
"https://teksea.net/videos/teksea-telecom-energia-que-conecta-o-mundo/","text/html; charset=UTF-8","200","OK"
"https://teksea.net/wp-content/plugins/wp-rocket/assets/js/lazyload/17.8.3/lazyload.min.js","text/javascript; charset=utf-8","200","OK"
"https://teksea.net/eventos/fiee-feira-internacional-da-industria-eletrica/","text/html; charset=UTF-8","200","OK"
"https://teksea.net/wp-includes/js/jquery/ui/core.min.js?ver=1.13.3","text/javascript; charset=utf-8","200","OK"
"https://teksea.net/wp-content/plugins/elementor/assets/js/frontend.min.js?ver=4.1.4","text/javascript; charset=utf-8","200","OK"
"https://teksea.net/wp-includes/js/jquery/jquery.form.min.js?ver=4.3.0","text/javascript; charset=utf-8","200","OK"
"https://teksea.net/wp-content/uploads/2026/03/QEP-1024x1024.png","image/png","200","OK"
"https://teksea.net/mercados-que-atendemos/papel-celulose/","text/html; charset=UTF-8","200","OK"
"https://teksea.net/produto/fire-system/","text/html; charset=UTF-8","200","OK"
"https://teksea.net/wp-content/plugins/elementor-pro/assets/js/webpack-pro.runtime.min.js?ver=4.1.2","text/javascript; charset=utf-8","200","OK"
"https://teksea.net/wp-content/uploads/2026/03/kral_fluxometro_s_rie_omp-1024x1024.webp","image/webp","200","OK"
"https://teksea.net/wp-content/uploads/2026/02/svg-canal-de-etica.svg","image/svg+xml","200","OK"
"https://teksea.net/mercados-que-atendemos/naval-portos/","text/html; charset=UTF-8","200","OK"
"https://teksea.net/produto/bnwas-bridge-navigational-watch-alarm-system/","text/html; charset=UTF-8","200","OK"
"https://teksea.net/produto/corenet-corebox-g2/","text/html; charset=UTF-8","200","OK"
"https://teksea.net/produto/corebox-smart-g1/","text/html; charset=UTF-8","200","OK"
"https://teksea.net/wp-content/plugins/elementor/assets/js/frontend-modules.min.js?ver=4.1.4","text/javascript; charset=utf-8","200","OK"
"https://teksea.net/wp-content/uploads/2026/02/img_mobilidade_e_transporte.webp","image/webp","200","OK"
"https://teksea.net/wp-content/uploads/2026/03/corebox_smart_g1.webp","image/webp","200","OK"
"https://teksea.net/wp-content/uploads/2026/03/corenet_corebox_g2.webp","image/webp","200","OK"
"https://teksea.net/wp-content/uploads/2026/03/bnwas_bridge_navigational_watch_alarm_system.webp","image/webp","200","OK"
"https://teksea.net/fale-conosco/","text/html; charset=UTF-8","200","OK"
"https://teksea.net/wp-content/uploads/2026/03/fire_system.webp","image/webp","200","OK"
"https://teksea.net/produto/kral-fluxometro-serie-omp/","text/html; charset=UTF-8","200","OK"
"https://teksea.net/wp-content/uploads/2026/03/kral_fluxometro_s_rie_omp.webp","image/webp","200","OK"
"https://teksea.net/wp-content/uploads/2026/04/RelatorioIgualdadeSalarialLote_2026_1_12515928000198.pdf","application/pdf","200","OK"
"https://teksea.net/wp-content/uploads/2026/04/2-2025-Relatorio-Igualdade-Salarial.pdf","application/pdf","200","OK"
"https://teksea.net/wp-content/uploads/2026/04/1-2025-Relatorio-Igualdade-Salarial.pdf","application/pdf","200","OK"
"https://teksea.net/videos/","text/html; charset=UTF-8","200","OK"
"https://teksea.net/wp-content/uploads/2026/03/ams1024_m_dulo_para_monitora_o_e_alarmes.webp","image/webp","200","OK"
"https://teksea.net/produto/retificador-carregador-chaveado-tps-24/","text/html; charset=UTF-8","200","OK"
"https://teksea.net/wp-content/uploads/2026/03/tps24_1_02_04_25-1024x1024.webp","image/webp","200","OK"
"https://teksea.net/videos/tekpower-scr-espanol-retificador-cargador/","text/html; charset=UTF-8","200","OK"
"https://teksea.net/wp-content/uploads/2026/03/autom_caract1_768x1897_1.webp","image/webp","200","OK"
"https://teksea.net/wp-content/uploads/2026/03/display_ecdis.webp","image/webp","200","OK"
"https://teksea.net/wp-content/uploads/2026/03/tekmation_iamcs_sistema_integrado_de_automa_o.webp","image/webp","200","OK"
"https://teksea.net/wp-content/uploads/2026/03/eg_g2a_1.webp","image/webp","200","OK"
"https://teksea.net/subcategoria/inversor-cc-ca/","text/html; charset=UTF-8","200","OK"
"https://teksea.net/wp-content/uploads/2026/03/radares.webp","image/webp","200","OK"
"https://teksea.net/wp-content/uploads/2026/03/kral_bombas_s_rie_k.webp","image/webp","200","OK"
"https://teksea.net/wp-content/uploads/2026/03/kral_esta_es_leo_lubrificante.webp","image/webp","200","OK"
"https://teksea.net/wp-content/uploads/2026/03/QEP.png","image/png","200","OK"
"https://teksea.net/wp-content/uploads/2026/03/consoles_e_mesas_de_controle-1024x1024.webp","image/webp","200","OK"
"https://teksea.net/wp-content/uploads/2026/03/ccm_centro_de_controle_de_motores-1024x1024.webp","image/webp","200","OK"
"https://teksea.net/wp-content/uploads/2026/03/tekleakage_monitoramento_de_isola_o_em_barramentos_el_tricos-1024x1024.webp","image/webp","200","OK"
"https://teksea.net/wp-content/uploads/2026/02/img_post_noticia_3.webp","image/webp","200","OK"
"https://teksea.net/wp-content/uploads/2026/02/img_post_noticia_5.webp","image/webp","200","OK"
"https://teksea.net/consolidacao-de-parceria-entre-empresas-enel-e-teksea/","text/html; charset=UTF-8","200","OK"
"https://teksea.net/atividades-no-navio-fsru-bw-magna-sob-um-novo-mundo-pos-virus/","text/html; charset=UTF-8","200","OK"
"https://teksea.net/wp-content/uploads/2026/02/img_post_noticia_6.webp","image/webp","200","OK"
"https://teksea.net/novo-navio-petroleiro-equipado-com-sistemas-teksea-rumo-a-fernando-de-noronha/","text/html; charset=UTF-8","200","OK"
"https://teksea.net/produto/ccm-centro-de-controle-de-motores/","text/html; charset=UTF-8","200","OK"
"https://teksea.net/wp-content/uploads/2026/02/img_post_noticia_2.webp","image/webp","200","OK"
"https://teksea.net/teksea-entrega-sistemas-de-energia-controle-comunicacao-e-automacao-para-navio-de-transporte-de-combustiveis/","text/html; charset=UTF-8","200","OK"
"https://teksea.net/wp-content/uploads/2026/03/display_ecdis-1024x1024.webp","image/webp","200","OK"
"https://teksea.net/wp-content/uploads/2026/03/tms_1000_monitora_o_e_alarmes_de_tanques-1024x1024.webp","image/webp","200","OK"
"https://teksea.net/wp-content/uploads/2026/03/radares-1024x1024.webp","image/webp","200","OK"
"https://teksea.net/wp-content/uploads/2026/03/CRSL-0030-871x1024.webp","image/webp","200","OK"
"https://teksea.net/wp-content/uploads/2026/03/tms_1000_monitora_o_e_alarmes_de_tanques.webp","image/webp","200","OK"
"https://teksea.net/wp-content/uploads/2026/03/scr_igbt_1_02_04_25.webp","image/webp","200","OK"
"https://teksea.net/wp-content/uploads/2026/03/kral_display_e_unidade_de_processamento_bem500.webp","image/webp","200","OK"
"https://teksea.net/wp-content/uploads/2026/03/IMG-certificados.svg","image/svg+xml","200","OK"
"https://teksea.net/wp-content/uploads/2026/03/IMG-catalogo.svg","image/svg+xml","200","OK"
"https://teksea.net/wp-content/uploads/2026/03/IMG-manuais.svg","image/svg+xml","200","OK"
"https://teksea.net/wp-content/uploads/2026/03/tps125p_1_02_04_25-1024x1024.webp","image/webp","200","OK"
"https://teksea.net/noticias/page/2/","text/html; charset=UTF-8","200","OK"
"https://teksea.net/wp-content/uploads/2026/03/ihm_nlc_2_1.webp","image/webp","200","OK"
"https://teksea.net/wp-content/uploads/2026/03/teknav_nlc_painel_luzes_de_navega_o_e_sinaliza_o.webp","image/webp","200","OK"
"https://teksea.net/wp-content/uploads/2026/03/modulo_dc_1_1.webp","image/webp","200","OK"
"https://teksea.net/wp-content/uploads/2026/03/modulo_ac_1_1.webp","image/webp","200","OK"
"https://teksea.net/produto/retificador-carregador-chaveado-portatil-tps125-p/","text/html; charset=UTF-8","200","OK"
"https://teksea.net/wp-content/uploads/2026/03/tekleakage_monitoramento_de_isola_o_em_barramentos_el_tricos.webp","image/webp","200","OK"
"https://teksea.net/wp-content/plugins/elementor-pro/assets/css/widget-post-info.min.css?ver=4.1.2","text/css; charset=utf-8","200","OK"
"https://teksea.net/central-de-documentos/?jsf=jet-engine&meta=pdf_tipo:manual","text/html; charset=UTF-8","200","OK"
"https://teksea.net/wp-content/plugins/elementor/assets/css/widget-divider.min.css?ver=4.1.4","text/css; charset=utf-8","200","OK"
"https://teksea.net/wp-content/cache/min/1/wp-content/plugins/download-manager/assets/wpdm-iconfont/css/wpdm-icons.css?ver=1783441967","text/css; charset=utf-8","200","OK"
"https://teksea.net/wp-content/plugins/download-manager/assets/modal/wpdm-modal.min.css?ver=3.3.62","text/css; charset=utf-8","200","OK"
"https://teksea.net/wp-content/cache/background-css/1/teksea.net/wp-content/plugins/download-manager/assets/css/front-dark.min.css?ver=3.3.62&wpr_t=1783432579","text/css; charset=utf-8","200","OK"
"https://teksea.net/central-de-documentos/?jsf=jet-engine&meta=pdf_tipo:catalogo","text/html; charset=UTF-8","200","OK"
"https://teksea.net/wp-content/plugins/elementor-pro/assets/css/widget-post-navigation.min.css?ver=4.1.2","text/css; charset=utf-8","200","OK"
"https://teksea.net/wp-content/uploads/elementor/css/custom-widget-icon-list.min.css?ver=1783441923","text/css; charset=utf-8","200","OK"
"https://teksea.net/wp-content/plugins/elementor/assets/css/widget-nested-accordion.min.css?ver=4.1.4","text/css; charset=utf-8","200","OK"
"https://teksea.net/wp-content/plugins/elementor/assets/lib/animations/styles/fadeInUp.min.css?ver=4.1.4","text/css; charset=utf-8","200","OK"
"https://teksea.net/wp-content/uploads/elementor/css/post-42.css?ver=1783441924","text/css; charset=utf-8","200","OK"
"https://teksea.net/wp-content/cache/min/1/wp-content/themes/hello-elementor/assets/css/header-footer.css?ver=1783441967","text/css; charset=utf-8","200","OK"
"https://teksea.net/wp-content/cache/background-css/1/teksea.net/wp-content/plugins/download-manager/assets/css/front.min.css?ver=3.3.62&wpr_t=1783432579","text/css; charset=utf-8","200","OK"
"https://teksea.net/wp-includes/blocks/paragraph/style.min.css?ver=7.0","text/css; charset=utf-8","200","OK"
"https://teksea.net/wp-content/plugins/elementor-pro/assets/css/conditionals/popup.min.css?ver=4.1.2","text/css; charset=utf-8","200","OK"
"https://teksea.net/wp-content/cache/fonts/1/google-fonts/css/1/a/d/6af3f99c08f6a36b5997e9266be13.css","text/css; charset=utf-8","200","OK"
"https://teksea.net/wp-content/uploads/elementor/css/custom-frontend.min.css?ver=1783441923","text/css; charset=utf-8","200","OK"
"https://teksea.net/wp-content/plugins/elementor/assets/lib/animations/styles/fadeInRight.min.css?ver=4.1.4","text/css; charset=utf-8","200","OK"
"https://teksea.net/wp-content/cache/min/1/kpr6vgf.css?ver=1783441967","text/css; charset=utf-8","200","OK"
"https://teksea.net/wp-content/cache/min/1/wp-content/plugins/jet-search/assets/css/jet-search.css?ver=1783441967","text/css; charset=utf-8","200","OK"
"https://teksea.net/wp-content/plugins/elementor-pro/assets/css/widget-search.min.css?ver=4.1.2","text/css; charset=utf-8","200","OK"
"https://teksea.net/wp-content/plugins/elementor/assets/css/widget-image.min.css?ver=4.1.4","text/css; charset=utf-8","200","OK"
"https://teksea.net/wp-content/plugins/elementor/assets/lib/animations/styles/e-animation-grow.min.css?ver=4.1.4","text/css; charset=utf-8","200","OK"
"https://teksea.net/wp-content/cache/background-css/1/teksea.net/wp-content/plugins/jet-search/assets/lib/chosen/chosen.min.css?ver=1.8.7&wpr_t=1783432579","text/css; charset=utf-8","200","OK"
"https://teksea.net/wp-content/plugins/elementor-pro/assets/css/widget-form.min.css?ver=4.1.2","text/css; charset=utf-8","200","OK"
"https://teksea.net/2026/04/07/","text/html; charset=UTF-8","200","OK"
"https://teksea.net/wp-content/uploads/elementor/css/post-2286.css?ver=1783441924","text/css; charset=utf-8","200","OK"
"https://teksea.net/wp-content/uploads/elementor/css/custom-apple-webkit.min.css?ver=1783441923","text/css; charset=utf-8","200","OK"
"https://teksea.net/wp-content/plugins/elementor-pro/assets/css/widget-off-canvas.min.css?ver=4.1.2","text/css; charset=utf-8","200","OK"
"https://teksea.net/wp-content/uploads/elementor/css/post-1003.css?ver=1783443379","text/css; charset=utf-8","200","OK"
"https://teksea.net/wp-content/plugins/elementor/assets/css/widget-social-icons.min.css?ver=4.1.4","text/css; charset=utf-8","200","OK"
"https://teksea.net/wp-content/cache/background-css/1/teksea.net/wp-content/uploads/elementor/css/post-44.css?ver=1783441924&wpr_t=1783432579","text/css; charset=utf-8","200","OK"
"https://teksea.net/wp-content/plugins/elementor-pro/assets/css/widget-share-buttons.min.css?ver=4.1.2","text/css; charset=utf-8","200","OK"
"https://teksea.net/wp-content/plugins/elementor/assets/css/widget-heading.min.css?ver=4.1.4","text/css; charset=utf-8","200","OK"
"https://teksea.net/wp-content/uploads/elementor/css/post-21.css?ver=1783441923","text/css; charset=utf-8","200","OK"
"https://teksea.net/wp-content/cache/min/1/wp-content/themes/hello-elementor/assets/css/theme.css?ver=1783441967","text/css; charset=utf-8","200","OK"
"https://teksea.net/wp-content/plugins/elementor-pro/assets/css/widget-breadcrumbs.min.css?ver=4.1.2","text/css; charset=utf-8","200","OK"
"https://teksea.net/wp-content/cache/min/1/wp-content/plugins/jet-engine/assets/css/frontend.css?ver=1783441967","text/css; charset=utf-8","200","OK"
"https://teksea.net/wp-content/uploads/elementor/css/post-1311.css?ver=1783441924","text/css; charset=utf-8","200","OK"
"https://teksea.net/wp-content/plugins/elementor-pro/assets/css/widget-posts.min.css?ver=4.1.2","text/css; charset=utf-8","200","OK"
"https://teksea.net/wp-content/cache/min/1/wp-content/themes/hello-elementor/assets/css/reset.css?ver=1783441967","text/css; charset=utf-8","200","OK"
"https://teksea.net/wp-content/uploads/2026/03/thor_monitoramento_remoto.webp","image/webp","200","OK"
"https://teksea.net/wp-content/uploads/2026/03/bms_1_02_04_25.webp","image/webp","200","OK"
"https://teksea.net/wp-content/uploads/2026/03/tekcharger_1_02_04_25-1024x1024.webp","image/webp","200","OK"
"https://teksea.net/wp-content/uploads/2026/02/image_nossa_equipe.webp","image/webp","200","OK"
"https://teksea.net/wp-content/uploads/2026/03/image_manufacturing_assessment_american_bureau_shipping2_1x.webp","image/webp","200","OK"
"https://teksea.net/wp-content/uploads/2026/03/image_design_assessment_american_bureau_shipping_teksea_1x_1_1x.webp","image/webp","200","OK"
"https://teksea.net/wp-content/uploads/2026/03/image_certificado_carregadores_de_baterias_tekcharger_bureau_veritas_teksea_1x_1_1x.webp","image/webp","200","OK"
"https://teksea.net/wp-content/uploads/2026/03/image_type_approval_certificate_bridge_navigational_watch_alarm_system_abs_teksea_1x_1_1x.webp","image/webp","200","OK"
"https://teksea.net/wp-content/uploads/2026/03/image_manufacturing_assessment_american_bureau_shipping_1x.webp","image/webp","200","OK"
"https://teksea.net/wp-content/uploads/2026/03/image_ohs_835480_sistema_de_gest_o_de_saude_e_seguran_a_ocupacional_1x_1_1x.webp","image/webp","200","OK"
"https://teksea.net/videos/tekmation-thor-monitoramento-inteligente-para-telecomunicacoes/","text/html; charset=UTF-8","200","OK"
"https://teksea.net/wp-content/uploads/2026/03/image_certificado_tps48300_page_0001_1.webp","image/webp","200","OK"
"https://teksea.net/wp-content/uploads/2026/03/image_fm_612678_sistema_de_gesta_o_da_qualidade.webp","image/webp","200","OK"
"https://teksea.net/produto/tekcharger-swm/","text/html; charset=UTF-8","200","OK"
"https://teksea.net/wp-content/uploads/2026/03/image_el_cs_200037_page_0001_1.webp","image/webp","200","OK"
"https://teksea.net/wp-content/uploads/2026/03/image_ensaios_clim_ticos_linha_tekpower_inpe_teksea_1x_1_1x.webp","image/webp","200","OK"
"https://teksea.net/wp-content/uploads/2026/02/image_parceria_com_universidades.webp","image/webp","200","OK"
"https://teksea.net/wp-content/uploads/2026/03/image_certificate_for_battery_and_accessories_bureau_veritas_1x.webp","image/webp","200","OK"
"https://teksea.net/wp-content/uploads/2026/03/image_ensaios_de_vibra_o_linha_tekpower_ibec_teksea_1x_1_1x.webp","image/webp","200","OK"
"https://teksea.net/wp-content/uploads/2026/03/image_acceptance_test_certificate_automa_o_rina_teksea_1x_1_1x.webp","image/webp","200","OK"
"https://teksea.net/wp-content/uploads/2026/03/image_type_approval_certificate_automa_o_accu_e_abcu_abs_teksea_1x_1_1x.webp","image/webp","200","OK"
"https://teksea.net/wp-content/uploads/2026/03/image_ensaios_de_choque_linha_tekpower_inpe_teksea_1x_1_1x.webp","image/webp","200","OK"
"https://teksea.net/wp-content/uploads/2026/02/image_laborat_rios.webp","image/webp","200","OK"
"https://teksea.net/wp-content/uploads/2026/03/image_technical_report_page_0001_1.webp","image/webp","200","OK"
"https://teksea.net/wp-content/uploads/2026/03/image_ensaios_de_emi_emc_linha_tekpower_inpe_teksea_1x_1_1x.webp","image/webp","200","OK"
"https://teksea.net/wp-content/uploads/2026/03/image_ems_835479_ssitema_de_gest_o_ambiental_1x_1_1x.webp","image/webp","200","OK"
"https://teksea.net/wp-content/uploads/2026/03/gradil_tekbox_1.webp","image/webp","200","OK"
"https://teksea.net/wp-content/uploads/2026/03/tps125_1_02_04_25.webp","image/webp","200","OK"
"https://teksea.net/wp-content/uploads/2026/03/CRSL-0030.webp","image/webp","200","OK"
"https://teksea.net/wp-content/uploads/2026/03/page_iot1_1.webp","image/webp","200","OK"
"https://teksea.net/wp-content/uploads/2026/03/tks_png_page_empur_iamcs_1.webp","image/webp","200","OK"
"https://teksea.net/videos/tekpower-tps-retificador-carregador/","text/html; charset=UTF-8","200","OK"
"https://teksea.net/wp-content/uploads/2026/03/ind_stria_pain_is_de_distribui_o_el_trica.webp","image/webp","200","OK"
"https://teksea.net/wp-content/uploads/2026/03/consoles_e_mesas_de_controle.webp","image/webp","200","OK"
"https://teksea.net/subcategoria/navegacao-e-comunicacao/","text/html; charset=UTF-8","200","OK"
"https://teksea.net/2026/03/25/","text/html; charset=UTF-8","200","OK"
"https://teksea.net/wp-content/uploads/2026/03/kral_bombas_z_series-1024x1024.webp","image/webp","200","OK"
"https://teksea.net/produto/kral-bombas-z-series/","text/html; charset=UTF-8","200","OK"
"https://teksea.net/produto/vhf-icom-m506/","text/html; charset=UTF-8","200","OK"
"https://teksea.net/wp-content/uploads/2026/03/vhf_icom_m506-1024x1024.webp","image/webp","200","OK"
"https://teksea.net/wp-content/uploads/2026/03/kral_bombas_s_rie_l-1-1024x1024.webp","image/webp","200","OK"
"https://teksea.net/wp-content/uploads/2026/03/motor_h_eco-1024x1024.webp","image/webp","200","OK"
"https://teksea.net/wp-content/uploads/2026/03/tps48_1_02_04_25-1024x1024.webp","image/webp","200","OK"
"https://teksea.net/wp-content/uploads/2026/03/thor_monitoramento_remoto-1024x1024.webp","image/webp","200","OK"
"https://teksea.net/produto/kral-bombas-serie-l/","text/html; charset=UTF-8","200","OK"
"https://teksea.net/produto/retificador-carregador-chaveado-tps-48/","text/html; charset=UTF-8","200","OK"
"https://teksea.net/produto/motor-h-eco/","text/html; charset=UTF-8","200","OK"
"https://teksea.net/wp-includes/js/jquery/ui/datepicker.min.js?ver=1.13.3","text/javascript; charset=utf-8","200","OK"
"https://teksea.net/wp-content/cache/min/1/wp-content/plugins/jet-smart-filters/assets/js/public.js?ver=1782299658","text/javascript; charset=utf-8","200","OK"
"https://teksea.net/wp-content/uploads/2026/03/img_post_noticia_iso_14001.webp","image/webp","200","OK"
"https://teksea.net/entrega-de-sistemas-de-energia-a-eletrobras-furnas/","text/html; charset=UTF-8","200","OK"
"https://teksea.net/teksea-obtem-certificacao-iso-450012018-e-fortalece-sua-cultura-de-saude-e-seguranca-no-trabalho/","text/html; charset=UTF-8","200","OK"
"https://teksea.net/wp-content/uploads/2026/02/img_post_noticia_7.webp","image/webp","200","OK"
"https://teksea.net/wp-content/uploads/2026/03/img_post_noticia_iso_45001.webp","image/webp","200","OK"
"https://teksea.net/teksea-conquista-certificacao-iso-140012015-e-reforca-seu-compromisso-com-a-sustentabilidade-e-a-gestao-ambiental-responsavel/","text/html; charset=UTF-8","200","OK"
"https://teksea.net/wp-content/plugins/elementor-pro/assets/lib/sticky/jquery.sticky.min.js?ver=4.1.2","text/javascript; charset=utf-8","200","OK"
"https://teksea.net/wp-content/uploads/2026/02/scr3_1_02_04_25.webp","image/webp","200","OK"
"https://teksea.net/videos/tekpower-scr-retificador-carregador/","text/html; charset=UTF-8","200","OK"
"https://teksea.net/wp-content/uploads/2026/03/ups_comercial_1_02_04_25-1024x1024.webp","image/webp","200","OK"
"https://teksea.net/wp-content/uploads/2026/06/inversor_cc_ca_rack_19_11_05_25-1024x1024.webp","image/webp","200","OK"
"https://teksea.net/wp-content/cache/min/1/wp-content/plugins/mask-form-elementor/assets/deprecate_js/maskformelementor.js?ver=1782299658","text/javascript; charset=utf-8","200","OK"
"https://teksea.net/wp-content/uploads/2026/03/bki_1_02_04_25-1024x1024.webp","image/webp","200","OK"
"https://teksea.net/produto/ups-industrial-full-igbt/","text/html; charset=UTF-8","200","OK"
"https://teksea.net/produto/ups-comercial/","text/html; charset=UTF-8","200","OK"
"https://teksea.net/produto/conversor-estatico-de-frequencia-400hz/","text/html; charset=UTF-8","200","OK"
"https://teksea.net/wp-content/plugins/mask-form-elementor/assets/deprecate_js/jquery.mask.min.js?ver=1.0","text/javascript; charset=utf-8","200","OK"
"https://teksea.net/wp-content/uploads/2026/03/conversor_estatico_de_frequencia_1_06_04_25-1024x1024.webp","image/webp","200","OK"
"https://teksea.net/produto/inversor-cc-ca-rack-19/","text/html; charset=UTF-8","200","OK"
"https://teksea.net/wp-content/plugins/wp-rocket/assets/js/wpr-beacon.min.js","text/javascript; charset=utf-8","200","OK"
"https://teksea.net/wp-content/uploads/2026/03/ups_modular_3_02_04_25-1024x1024.webp","image/webp","200","OK"
"https://teksea.net/wp-content/uploads/2026/03/kral_bombas_s_rie_c-1024x1024.webp","image/webp","200","OK"
"https://teksea.net/produto/ups-modular/","text/html; charset=UTF-8","200","OK"
"https://teksea.net/wp-content/uploads/2026/03/ups_full_igbt_1_02_04_25-1024x1024.webp","image/webp","200","OK"
"https://teksea.net/wp-content/uploads/2026/06/inversor_cc_ca_rack_19_11_05_25.webp","image/webp","200","OK"
"https://teksea.net/produto/inversor-cc-ca-industrial/","text/html; charset=UTF-8","200","OK"
"https://teksea.net/produto/kral-bombas-serie-c/","text/html; charset=UTF-8","200","OK"
"https://teksea.net/wp-content/uploads/2026/03/ups_modular_3_02_04_25.webp","image/webp","200","OK"
"https://teksea.net/wp-content/uploads/2026/03/ups_comercial_1_02_04_25.webp","image/webp","200","OK"
"https://teksea.net/wp-content/uploads/2026/03/conversor_estatico_de_frequencia_1_06_04_25.webp","image/webp","200","OK"
"https://teksea.net/wp-content/uploads/2026/03/bki_1_02_04_25.webp","image/webp","200","OK"
"https://teksea.net/wp-content/uploads/2026/03/kral_bombas_s_rie_c.webp","image/webp","200","OK"
"https://teksea.net/wp-content/uploads/2026/03/ups_full_igbt_1_02_04_25.webp","image/webp","200","OK"
"https://teksea.net/wp-content/uploads/2026/03/motor_h_eco.webp","image/webp","200","OK"
"https://teksea.net/wp-content/uploads/2026/03/tps48_1_02_04_25.webp","image/webp","200","OK"
"https://teksea.net/wp-content/uploads/2026/03/kral_bombas_s_rie_l-1.webp","image/webp","200","OK"
"https://teksea.net/wp-content/uploads/2026/03/vhf_icom_m506.webp","image/webp","200","OK"
"https://teksea.net/wp-content/uploads/2026/03/kral_bombas_z_series.webp","image/webp","200","OK"
"https://teksea.net/wp-content/uploads/2026/03/wheelhouse_tekmation_computer_touch_screen-1024x1024.webp","image/webp","200","OK"
"https://teksea.net/wp-content/uploads/2026/03/tekcharger_1_02_04_25.webp","image/webp","200","OK"
"https://teksea.net/wp-content/uploads/2026/04/OFF-TEKSEA-SITE-NOTICIA-1-1024x479.png","image/png","200","OK"
"https://teksea.net/wp-content/plugins/jet-search/assets/lib/chosen/chosen.min.css?ver=1.8.7","text/css; charset=utf-8","200","OK"
"https://teksea.net/wp-content/themes/hello-elementor/assets/css/header-footer.css?ver=3.4.9","text/css; charset=utf-8","200","OK"
"https://teksea.net/wp-content/plugins/jet-search/assets/css/jet-search.css?ver=3.6.1.2","text/css; charset=utf-8","200","OK"
"https://teksea.net/wp-content/uploads/elementor/css/post-44.css?ver=1783441924","text/css; charset=utf-8","200","OK"
"https://teksea.net/wp-content/plugins/mask-form-elementor/assets/js/new-input-mask.js?ver=4.4.3","text/javascript; charset=utf-8","200","OK"
"https://teksea.net/wp-content/plugins/jet-search/assets/lib/jet-plugins/jet-plugins.js?ver=1.0.0","text/javascript; charset=utf-8","200","OK"
"https://teksea.net/wp-content/plugins/download-manager/assets/wpdm-iconfont/css/wpdm-icons.css?ver=7.0","text/css; charset=utf-8","200","OK"
"https://teksea.net/produto/wheelhouse-tekmation-computer-touch-screen/","text/html; charset=UTF-8","200","OK"
"https://teksea.net/wp-content/plugins/jet-engine/assets/js/frontend/modules/jet-smart-filters.js?ver=3.8.11.1","text/javascript; charset=utf-8","200","OK"
"https://teksea.net/wp-content/uploads/elementor/css/post-1652.css?ver=1783441966","text/css; charset=utf-8","200","OK"
"https://teksea.net/wp-content/plugins/jet-smart-filters/assets/js/public.js?ver=3.8.3.1","text/javascript; charset=utf-8","200","OK"
"https://teksea.net/wp-content/themes/hello-elementor/assets/js/hello-frontend.js?ver=3.4.9","text/javascript; charset=utf-8","200","OK"
"https://teksea.net/wp-content/themes/hello-elementor/assets/css/reset.css?ver=3.4.9","text/css; charset=utf-8","200","OK"
"https://teksea.net/wp-content/plugins/download-manager/assets/css/front-dark.min.css?ver=3.3.62","text/css; charset=utf-8","200","OK"
"https://teksea.net/wp-content/themes/hello-elementor/assets/css/theme.css?ver=3.4.9","text/css; charset=utf-8","200","OK"
"https://teksea.net/wp-content/plugins/jet-engine/assets/js/frontend/frontend.js?ver=3.8.11.1","text/javascript; charset=utf-8","200","OK"
"https://teksea.net/wp-content/plugins/download-manager/assets/css/front.min.css?ver=3.3.62","text/css; charset=utf-8","200","OK"
"https://teksea.net/wp-content/uploads/elementor/css/post-1659.css?ver=1783441966","text/css; charset=utf-8","200","OK"
"https://teksea.net/wp-content/plugins/mask-form-elementor/assets/js/custom-mask-script.js?ver=4.4.3","text/javascript; charset=utf-8","200","OK"
"https://teksea.net/wp-content/plugins/jet-engine/assets/css/frontend.css?ver=3.8.11.1","text/css; charset=utf-8","200","OK"
"https://teksea.net/wp-content/uploads/2026/03/tps125p_1_02_04_25.webp","image/webp","200","OK"
"https://teksea.net/wp-content/uploads/2026/02/img_post_noticia_01.webp","image/webp","200","OK"
"https://teksea.net/central-de-documentos/","text/html; charset=UTF-8","200","OK"
"https://teksea.net/wp-content/uploads/2026/03/ccm_centro_de_controle_de_motores.webp","image/webp","200","OK"
"https://teksea.net/wp-content/uploads/2026/03/tps24_1_02_04_25.webp","image/webp","200","OK"
"https://teksea.net/teksea-entrega-1-dos-6-rebocadores-a-svitzer/","text/html; charset=UTF-8","200","OK"
"https://teksea.net/wp-content/uploads/2026/03/wheelhouse_tekmation_computer_touch_screen.webp","image/webp","200","OK"
"https://teksea.net/videos/tekpower-bki-sistemas-inversores-cc-ca-com-chave-estatica/","text/html; charset=UTF-8","200","OK"
"https://teksea.net/2026/02/26/","text/html; charset=UTF-8","200","OK"
"https://teksea.net/videos/sistema-de-energia-para-telecomunicacoes-tekpower-by-teksea/","text/html; charset=UTF-8","200","OK"
