"Address","PSI Request Status","Mobile Alternate Link"
"https://teksea.net/","",""
"https://teksea.net/mercados-que-atendemos/hidroeletrica/","",""
"https://teksea.net/produto/tekpower-scr/","",""
"https://teksea.net/produtos/","",""
"https://teksea.net/subcategoria/tiristorizados-scr/","",""
"https://teksea.net/eventos/flibs-fort-lauderdale-international-boat-show/","",""
"https://teksea.net/eventos/international-workboat-show/","",""
"https://teksea.net/mercados-que-atendemos/telecomunicacoes/","",""
"https://teksea.net/mercados-que-atendemos/petroleo-gas/","",""
"https://teksea.net/subcategoria/gateways-proprietarios-multiprotocolos/","",""
"https://teksea.net/segmento/bombas-e-fluxometros/","",""
"https://teksea.net/subcategoria/parafuso-triplo/","",""
"https://teksea.net/subcategoria/ups-nobreak/","",""
"https://teksea.net/subcategoria/radio-telecom/","",""
"https://teksea.net/eventos/nt-expo-negocios-nos-trilhos/","",""
"https://teksea.net/produto/consoles-e-mesas-de-controle/","",""
"https://teksea.net/produto/industria-paineis-de-distribuicao-eletrica/","",""
"https://teksea.net/subcategoria/baterias/","",""
"https://teksea.net/mercados-que-atendemos/saneamento/","",""
"https://teksea.net/produto/iot-internet-of-things-skytek/","",""
"https://teksea.net/produto/retificador-carregador-chaveado-tps125/","",""
"https://teksea.net/produto/gradil-tekbox-heavy-duty/","",""
"https://teksea.net/teksea-e-recertificada-na-iso-90012015-consolidando-seu-padrao-de-excelencia-em-qualidade/","",""
"https://teksea.net/eventos/sc-expo-defense/","",""
"https://teksea.net/sobre-nos/","",""
"https://teksea.net/mercados-que-atendemos/transporte/","",""
"https://teksea.net/produto/thor-monitoramento-remoto/","",""
"https://teksea.net/produto/bms-sistema-de-monitoramento-de-baterias/","",""
"https://teksea.net/investimentos-bacia-de-campos-setor-offshore/","",""
"https://teksea.net/produto/tekleakage-monitoramento-de-isolacao-em-barramentos-eletricos/","",""
"https://teksea.net/produto/teknav-nlc-painel-luzes-de-navegacao-e-sinalizacao/","",""
"https://teksea.net/subcategoria/compactos-moveis/","",""
"https://teksea.net/mercados-que-atendemos/mobilidade-eletrica/","",""
"https://teksea.net/documentacao/","",""
"https://teksea.net/subcategoria/conversor-estatico/","",""
"https://teksea.net/auditoria-da-petrobras-e-concluida-com-sucesso-e-reforca-qualidade-da-teksea/","",""
"https://teksea.net/mercados-que-atendemos/defesa-seguranca/","",""
"https://teksea.net/produto/kral-display-e-unidade-de-processamento-bem500/","",""
"https://teksea.net/produto/ups-industrial-scr-igbt/","",""
"https://teksea.net/produto/tms-1000-monitoracao-e-alarmes-de-tanques/","",""
"https://teksea.net/subcategoria/protecao/","",""
"https://teksea.net/mercados-que-atendemos/acucar-etanol/","",""
"https://teksea.net/segmento/automacao/","",""
"https://teksea.net/mercados-que-atendemos/siderurgia-mineracao/","",""
"https://teksea.net/noticias/","",""
"https://teksea.net/segmento/acessorios/","",""
"https://teksea.net/produto/marine-paineis-distribuicao-principal-e-auxiliares/","",""
"https://teksea.net/produto/kral-estacoes-oleo-lubrificante/","",""
"https://teksea.net/produto/kral-bombas-serie-k/","",""
"https://teksea.net/mercados-que-atendemos/energia/","",""
"https://teksea.net/subcategoria/inversor-cc-ca-com-chave-estatica/","",""
"https://teksea.net/produto/radares/","",""
"https://teksea.net/produto/display-ecdis/","",""
"https://teksea.net/produto/tekmation-iamcs-sistema-integrado-de-automacao/","",""
"https://teksea.net/subcategoria/bombas-de-parafuso-duplo/","",""
"https://teksea.net/segmento/energia-critica/","",""
"https://teksea.net/subcategoria/chaveados-modulares-tps/","",""
"https://teksea.net/produto/ams1024-modulo-para-monitoracao-e-alarmes/","",""
"https://teksea.net/eventos/mostra-bid-brasil/","",""
"https://teksea.net/videos/teksea-telecom-energia-que-conecta-o-mundo/","",""
"https://teksea.net/eventos/fiee-feira-internacional-da-industria-eletrica/","",""
"https://teksea.net/mercados-que-atendemos/papel-celulose/","",""
"https://teksea.net/produto/fire-system/","",""
"https://teksea.net/mercados-que-atendemos/naval-portos/","",""
"https://teksea.net/produto/bnwas-bridge-navigational-watch-alarm-system/","",""
"https://teksea.net/produto/corenet-corebox-g2/","",""
"https://teksea.net/produto/corebox-smart-g1/","",""
"https://teksea.net/fale-conosco/","",""
"https://teksea.net/produto/kral-fluxometro-serie-omp/","",""
"https://teksea.net/videos/","",""
"https://teksea.net/produto/retificador-carregador-chaveado-tps-24/","",""
"https://teksea.net/videos/tekpower-scr-espanol-retificador-cargador/","",""
"https://teksea.net/subcategoria/inversor-cc-ca/","",""
"https://teksea.net/consolidacao-de-parceria-entre-empresas-enel-e-teksea/","",""
"https://teksea.net/atividades-no-navio-fsru-bw-magna-sob-um-novo-mundo-pos-virus/","",""
"https://teksea.net/novo-navio-petroleiro-equipado-com-sistemas-teksea-rumo-a-fernando-de-noronha/","",""
"https://teksea.net/produto/ccm-centro-de-controle-de-motores/","",""
"https://teksea.net/teksea-entrega-sistemas-de-energia-controle-comunicacao-e-automacao-para-navio-de-transporte-de-combustiveis/","",""
"https://teksea.net/noticias/page/2/","",""
"https://teksea.net/produto/retificador-carregador-chaveado-portatil-tps125-p/","",""
"https://teksea.net/central-de-documentos/?jsf=jet-engine&meta=pdf_tipo:manual","",""
"https://teksea.net/central-de-documentos/?jsf=jet-engine&meta=pdf_tipo:catalogo","",""
"https://teksea.net/2026/04/07/","",""
"https://teksea.net/videos/tekmation-thor-monitoramento-inteligente-para-telecomunicacoes/","",""
"https://teksea.net/produto/tekcharger-swm/","",""
"https://teksea.net/videos/tekpower-tps-retificador-carregador/","",""
"https://teksea.net/subcategoria/navegacao-e-comunicacao/","",""
"https://teksea.net/2026/03/25/","",""
"https://teksea.net/produto/kral-bombas-z-series/","",""
"https://teksea.net/produto/vhf-icom-m506/","",""
"https://teksea.net/produto/kral-bombas-serie-l/","",""
"https://teksea.net/produto/retificador-carregador-chaveado-tps-48/","",""
"https://teksea.net/produto/motor-h-eco/","",""
"https://teksea.net/entrega-de-sistemas-de-energia-a-eletrobras-furnas/","",""
"https://teksea.net/teksea-obtem-certificacao-iso-450012018-e-fortalece-sua-cultura-de-saude-e-seguranca-no-trabalho/","",""
"https://teksea.net/teksea-conquista-certificacao-iso-140012015-e-reforca-seu-compromisso-com-a-sustentabilidade-e-a-gestao-ambiental-responsavel/","",""
"https://teksea.net/videos/tekpower-scr-retificador-carregador/","",""
"https://teksea.net/produto/ups-industrial-full-igbt/","",""
"https://teksea.net/produto/ups-comercial/","",""
"https://teksea.net/produto/conversor-estatico-de-frequencia-400hz/","",""
"https://teksea.net/produto/inversor-cc-ca-rack-19/","",""
"https://teksea.net/produto/ups-modular/","",""
"https://teksea.net/produto/inversor-cc-ca-industrial/","",""
"https://teksea.net/produto/kral-bombas-serie-c/","",""
"https://teksea.net/produto/wheelhouse-tekmation-computer-touch-screen/","",""
"https://teksea.net/central-de-documentos/","",""
"https://teksea.net/teksea-entrega-1-dos-6-rebocadores-a-svitzer/","",""
"https://teksea.net/videos/tekpower-bki-sistemas-inversores-cc-ca-com-chave-estatica/","",""
"https://teksea.net/2026/02/26/","",""
"https://teksea.net/videos/sistema-de-energia-para-telecomunicacoes-tekpower-by-teksea/","",""
