"Address","Content Type","Status Code","Status","Indexability","Indexability Status","Hash","Length","Canonical Link Element 1","URL Encoded Address"
"https://teksea.net/","text/html; charset=UTF-8","200","OK","Indexable","","f31745ef9feedfaea40a360a545f4f8","19","https://teksea.net/","https://teksea.net/"
"https://teksea.net/wp-content/uploads/2026/02/svg-Bombas-e-Fluxometro.svg","image/svg+xml","200","OK","Indexable","","","73","","https://teksea.net/wp-content/uploads/2026/02/svg-Bombas-e-Fluxometro.svg"
"https://teksea.net/wp-content/plugins/creame-whatsapp-me/public/css/joinchat-btn.min.css?ver=6.2.3","text/css; charset=utf-8","200","OK","Indexable","","","98","","https://teksea.net/wp-content/plugins/creame-whatsapp-me/public/css/joinchat-btn.min.css?ver=6.2.3"
"https://teksea.net/wp-content/uploads/2026/02/svg-Mobilidade-Eletrica.svg","image/svg+xml","200","OK","Indexable","","","73","","https://teksea.net/wp-content/uploads/2026/02/svg-Mobilidade-Eletrica.svg"
"https://teksea.net/wp-content/uploads/2026/02/Assinatura-Horizontal-Preta.svg","image/svg+xml","200","OK","Indexable","","","77","","https://teksea.net/wp-content/uploads/2026/02/Assinatura-Horizontal-Preta.svg"
"https://teksea.net/wp-content/uploads/2026/02/svg-Acucar-Etanol.svg","image/svg+xml","200","OK","Indexable","","","67","","https://teksea.net/wp-content/uploads/2026/02/svg-Acucar-Etanol.svg"
"https://teksea.net/mercados-que-atendemos/hidroeletrica/","text/html; charset=UTF-8","200","OK","Indexable","","f2a57feef439d2b34c8964b8363f93b9","56","https://teksea.net/mercados-que-atendemos/hidroeletrica/","https://teksea.net/mercados-que-atendemos/hidroeletrica/"
"https://teksea.net/produto/tekpower-scr/","text/html; charset=UTF-8","200","OK","Indexable","","5705234b8a784008ee88130dd031751e","40","https://teksea.net/produto/tekpower-scr/","https://teksea.net/produto/tekpower-scr/"
"https://teksea.net/produtos/","text/html; charset=UTF-8","200","OK","Indexable","","6427f3306b0c1a6d6c272928cba4ede3","28","https://teksea.net/produtos/","https://teksea.net/produtos/"
"https://teksea.net/subcategoria/tiristorizados-scr/","text/html; charset=UTF-8","200","OK","Indexable","","3b7faf74a114ac1aed6a87998d9135b6","51","https://teksea.net/subcategoria/tiristorizados-scr/","https://teksea.net/subcategoria/tiristorizados-scr/"
"https://teksea.net/eventos/flibs-fort-lauderdale-international-boat-show/","text/html; charset=UTF-8","200","OK","Indexable","","6c2fde8b9ccce592baac3b9633fe7982","73","https://teksea.net/eventos/flibs-fort-lauderdale-international-boat-show/","https://teksea.net/eventos/flibs-fort-lauderdale-international-boat-show/"
"https://teksea.net/wp-content/uploads/2026/02/img_utilidades_e_infraestrutura.webp","image/webp","200","OK","Indexable","","","82","","https://teksea.net/wp-content/uploads/2026/02/img_utilidades_e_infraestrutura.webp"
"https://teksea.net/wp-content/plugins/gtranslate/js/dropdown.js?ver=3.1.1","text/javascript; charset=utf-8","200","OK","Indexable","","","73","","https://teksea.net/wp-content/plugins/gtranslate/js/dropdown.js?ver=3.1.1"
"https://teksea.net/wp-content/uploads/2026/03/kral_esta_es_leo_lubrificante-1024x1024.webp","image/webp","200","OK","Indexable","","","90","","https://teksea.net/wp-content/uploads/2026/03/kral_esta_es_leo_lubrificante-1024x1024.webp"
"https://teksea.net/wp-content/uploads/2026/03/ams1024_m_dulo_para_monitora_o_e_alarmes-1024x1024.webp","image/webp","200","OK","Indexable","","","101","","https://teksea.net/wp-content/uploads/2026/03/ams1024_m_dulo_para_monitora_o_e_alarmes-1024x1024.webp"
"https://teksea.net/eventos/international-workboat-show/","text/html; charset=UTF-8","200","OK","Indexable","","fd17180d1d2b4196931fa695328bede1","55","https://teksea.net/eventos/international-workboat-show/","https://teksea.net/eventos/international-workboat-show/"
"https://teksea.net/wp-includes/js/jquery/jquery.min.js?ver=3.7.1","text/javascript; charset=utf-8","200","OK","Indexable","","","64","","https://teksea.net/wp-includes/js/jquery/jquery.min.js?ver=3.7.1"
"https://teksea.net/mercados-que-atendemos/telecomunicacoes/","text/html; charset=UTF-8","200","OK","Indexable","","3ca98649cbf518de137a0d3a868189","59","https://teksea.net/mercados-que-atendemos/telecomunicacoes/","https://teksea.net/mercados-que-atendemos/telecomunicacoes/"
"https://teksea.net/wp-content/cache/min/1/wp-content/themes/hello-elementor/assets/js/hello-frontend.js?ver=1782299569","text/javascript; charset=utf-8","200","OK","Indexable","","","118","","https://teksea.net/wp-content/cache/min/1/wp-content/themes/hello-elementor/assets/js/hello-frontend.js?ver=1782299569"
"https://teksea.net/wp-content/uploads/2026/02/svg-Papel-Celulose.svg","image/svg+xml","200","OK","Indexable","","","68","","https://teksea.net/wp-content/uploads/2026/02/svg-Papel-Celulose.svg"
"https://teksea.net/wp-content/uploads/2026/03/gradil_tekbox_1-1024x1024.webp","image/webp","200","OK","Indexable","","","76","","https://teksea.net/wp-content/uploads/2026/03/gradil_tekbox_1-1024x1024.webp"
"https://teksea.net/mercados-que-atendemos/petroleo-gas/","text/html; charset=UTF-8","200","OK","Indexable","","c2fe4021a64c3e2f40c897c90689b40d","55","https://teksea.net/mercados-que-atendemos/petroleo-gas/","https://teksea.net/mercados-que-atendemos/petroleo-gas/"
"https://teksea.net/wp-content/uploads/2026/02/svg-Representante.svg","image/svg+xml","200","OK","Indexable","","","67","","https://teksea.net/wp-content/uploads/2026/02/svg-Representante.svg"
"https://teksea.net/wp-content/uploads/2026/03/images-1.jpeg","image/jpeg","200","OK","Indexable","","","59","","https://teksea.net/wp-content/uploads/2026/03/images-1.jpeg"
"https://teksea.net/wp-content/uploads/2026/02/scr3_1_02_04_25-1024x1024.webp","image/webp","200","OK","Indexable","","","76","","https://teksea.net/wp-content/uploads/2026/02/scr3_1_02_04_25-1024x1024.webp"
"https://teksea.net/wp-includes/js/jquery/jquery-migrate.min.js?ver=3.4.1","text/javascript; charset=utf-8","200","OK","Indexable","","","72","","https://teksea.net/wp-includes/js/jquery/jquery-migrate.min.js?ver=3.4.1"
"https://teksea.net/subcategoria/gateways-proprietarios-multiprotocolos/","text/html; charset=UTF-8","200","OK","Indexable","","e2e78fe74210f3d8b926c0820efe3f92","71","https://teksea.net/subcategoria/gateways-proprietarios-multiprotocolos/","https://teksea.net/subcategoria/gateways-proprietarios-multiprotocolos/"
"https://teksea.net/segmento/bombas-e-fluxometros/","text/html; charset=UTF-8","200","OK","Indexable","","4f1db2a67856e6b19925e0b1056ecafa","49","https://teksea.net/segmento/bombas-e-fluxometros/","https://teksea.net/segmento/bombas-e-fluxometros/"
"https://teksea.net/subcategoria/parafuso-triplo/","text/html; charset=UTF-8","200","OK","Indexable","","6e0fdc78f38b46e3b721472c72b8320f","48","https://teksea.net/subcategoria/parafuso-triplo/","https://teksea.net/subcategoria/parafuso-triplo/"
"https://teksea.net/subcategoria/ups-nobreak/","text/html; charset=UTF-8","200","OK","Indexable","","d6111fe88fdc95c6db3fb7bd707550b5","44","https://teksea.net/subcategoria/ups-nobreak/","https://teksea.net/subcategoria/ups-nobreak/"
"https://teksea.net/wp-content/uploads/2026/02/svg-Naval-Portos.svg","image/svg+xml","200","OK","Indexable","","","66","","https://teksea.net/wp-content/uploads/2026/02/svg-Naval-Portos.svg"
"https://teksea.net/subcategoria/radio-telecom/","text/html; charset=UTF-8","200","OK","Indexable","","bcc9efd51a24536e0652b96f912f99e1","46","https://teksea.net/subcategoria/radio-telecom/","https://teksea.net/subcategoria/radio-telecom/"
"https://teksea.net/eventos/nt-expo-negocios-nos-trilhos/","text/html; charset=UTF-8","200","OK","Indexable","","7f97fb6a330870da15a9b8aab8d9fc34","56","https://teksea.net/eventos/nt-expo-negocios-nos-trilhos/","https://teksea.net/eventos/nt-expo-negocios-nos-trilhos/"
"https://teksea.net/wp-content/uploads/2026/02/svg-Petroleo-Gas.svg","image/svg+xml","200","OK","Indexable","","","66","","https://teksea.net/wp-content/uploads/2026/02/svg-Petroleo-Gas.svg"
"https://teksea.net/wp-content/uploads/2026/02/svg-fale-com-a-TekSea.svg","image/svg+xml","200","OK","Indexable","","","71","","https://teksea.net/wp-content/uploads/2026/02/svg-fale-com-a-TekSea.svg"
"https://teksea.net/produto/consoles-e-mesas-de-controle/","text/html; charset=UTF-8","200","OK","Indexable","","5d64b563f6302bcb41823945f99f1533","56","https://teksea.net/produto/consoles-e-mesas-de-controle/","https://teksea.net/produto/consoles-e-mesas-de-controle/"
"https://teksea.net/wp-content/uploads/2026/02/svg-Eventos.svg","image/svg+xml","200","OK","Indexable","","","61","","https://teksea.net/wp-content/uploads/2026/02/svg-Eventos.svg"
"https://teksea.net/wp-content/uploads/2026/03/scr_igbt_1_02_04_25-1024x1024.webp","image/webp","200","OK","Indexable","","","80","","https://teksea.net/wp-content/uploads/2026/03/scr_igbt_1_02_04_25-1024x1024.webp"
"https://teksea.net/wp-content/uploads/2026/02/svg-Quem-Somos.svg","image/svg+xml","200","OK","Indexable","","","64","","https://teksea.net/wp-content/uploads/2026/02/svg-Quem-Somos.svg"
"https://teksea.net/produto/industria-paineis-de-distribuicao-eletrica/","text/html; charset=UTF-8","200","OK","Indexable","","bf8b39b9dbf9ceec36c109b0b8cea617","70","https://teksea.net/produto/industria-paineis-de-distribuicao-eletrica/","https://teksea.net/produto/industria-paineis-de-distribuicao-eletrica/"
"https://teksea.net/wp-content/uploads/2026/02/svg-Documentacao.svg","image/svg+xml","200","OK","Indexable","","","66","","https://teksea.net/wp-content/uploads/2026/02/svg-Documentacao.svg"
"https://teksea.net/subcategoria/baterias/","text/html; charset=UTF-8","200","OK","Indexable","","9078cc3da0e5222dab0dcc7f53c12bc","41","https://teksea.net/subcategoria/baterias/","https://teksea.net/subcategoria/baterias/"
"https://teksea.net/mercados-que-atendemos/saneamento/","text/html; charset=UTF-8","200","OK","Indexable","","4c32f183c01e2f0dd54771f5fc011370","53","https://teksea.net/mercados-que-atendemos/saneamento/","https://teksea.net/mercados-que-atendemos/saneamento/"
"https://teksea.net/produto/iot-internet-of-things-skytek/","text/html; charset=UTF-8","200","OK","Indexable","","1db45c3f350e1fd1add14b86922a7246","57","https://teksea.net/produto/iot-internet-of-things-skytek/","https://teksea.net/produto/iot-internet-of-things-skytek/"
"https://teksea.net/produto/retificador-carregador-chaveado-tps125/","text/html; charset=UTF-8","200","OK","Indexable","","bb552f2e6175883a93faaf7e095e9687","66","https://teksea.net/produto/retificador-carregador-chaveado-tps125/","https://teksea.net/produto/retificador-carregador-chaveado-tps125/"
"https://teksea.net/produto/gradil-tekbox-heavy-duty/","text/html; charset=UTF-8","200","OK","Indexable","","3d5748e13faf3d9a6e493ec8d5f14465","52","https://teksea.net/produto/gradil-tekbox-heavy-duty/","https://teksea.net/produto/gradil-tekbox-heavy-duty/"
"https://teksea.net/teksea-e-recertificada-na-iso-90012015-consolidando-seu-padrao-de-excelencia-em-qualidade/","text/html; charset=UTF-8","200","OK","Indexable","","7a34a552b671210e3a615bc3e8392701","109","https://teksea.net/teksea-e-recertificada-na-iso-90012015-consolidando-seu-padrao-de-excelencia-em-qualidade/","https://teksea.net/teksea-e-recertificada-na-iso-90012015-consolidando-seu-padrao-de-excelencia-em-qualidade/"
"https://teksea.net/wp-content/uploads/2026/02/svg-Siderurgia-mineracao.svg","image/svg+xml","200","OK","Indexable","","","74","","https://teksea.net/wp-content/uploads/2026/02/svg-Siderurgia-mineracao.svg"
"https://teksea.net/eventos/sc-expo-defense/","text/html; charset=UTF-8","200","OK","Indexable","","8117050003475fa8402094f3f000e038","43","https://teksea.net/eventos/sc-expo-defense/","https://teksea.net/eventos/sc-expo-defense/"
"https://teksea.net/wp-content/uploads/2026/02/svg-Automacao.svg","image/svg+xml","200","OK","Indexable","","","63","","https://teksea.net/wp-content/uploads/2026/02/svg-Automacao.svg"
"https://teksea.net/wp-content/cache/min/1/wp-content/plugins/jet-search/assets/lib/jet-plugins/jet-plugins.js?ver=1782299569","text/javascript; charset=utf-8","200","OK","Indexable","","","124","","https://teksea.net/wp-content/cache/min/1/wp-content/plugins/jet-search/assets/lib/jet-plugins/jet-plugins.js?ver=1782299569"
"https://teksea.net/wp-includes/js/imagesloaded.min.js?ver=5.0.0","text/javascript; charset=utf-8","200","OK","Indexable","","","63","","https://teksea.net/wp-includes/js/imagesloaded.min.js?ver=5.0.0"
"https://teksea.net/sobre-nos/","text/html; charset=UTF-8","200","OK","Indexable","","7f2475d7c7f634de7e08236546fc564b","29","https://teksea.net/sobre-nos/","https://teksea.net/sobre-nos/"
"https://teksea.net/mercados-que-atendemos/transporte/","text/html; charset=UTF-8","200","OK","Indexable","","15598984249b6901f3203185a1790526","53","https://teksea.net/mercados-que-atendemos/transporte/","https://teksea.net/mercados-que-atendemos/transporte/"
"https://teksea.net/wp-content/uploads/2026/03/images-2.jpeg","image/jpeg","200","OK","Indexable","","","59","","https://teksea.net/wp-content/uploads/2026/03/images-2.jpeg"
"https://teksea.net/wp-content/uploads/2026/02/img_telecomunica_es_e_data_center.webp","image/webp","200","OK","Indexable","","","84","","https://teksea.net/wp-content/uploads/2026/02/img_telecomunica_es_e_data_center.webp"
"https://teksea.net/wp-content/uploads/2026/02/img_leo_g_s_e_offshore.webp","image/webp","200","OK","Indexable","","","73","","https://teksea.net/wp-content/uploads/2026/02/img_leo_g_s_e_offshore.webp"
"https://teksea.net/produto/thor-monitoramento-remoto/","text/html; charset=UTF-8","200","OK","Indexable","","c34f61a88394337ed4a9d8e28dd20b27","53","https://teksea.net/produto/thor-monitoramento-remoto/","https://teksea.net/produto/thor-monitoramento-remoto/"
"https://teksea.net/wp-content/uploads/2026/03/img_post_noticia_auditoria.webp","image/webp","200","OK","Indexable","","","77","","https://teksea.net/wp-content/uploads/2026/03/img_post_noticia_auditoria.webp"
"https://teksea.net/wp-content/cache/min/1/wp-content/plugins/mask-form-elementor/assets/js/new-input-mask.js?ver=1782299569","text/javascript; charset=utf-8","200","OK","Indexable","","","123","","https://teksea.net/wp-content/cache/min/1/wp-content/plugins/mask-form-elementor/assets/js/new-input-mask.js?ver=1782299569"
"https://teksea.net/wp-content/plugins/download-manager/assets/js/front.min.js?ver=3.3.62","text/javascript; charset=utf-8","200","OK","Indexable","","","88","","https://teksea.net/wp-content/plugins/download-manager/assets/js/front.min.js?ver=3.3.62"
"https://teksea.net/cdn-cgi/scripts/5c5dd728/cloudflare-static/email-decode.min.js","application/javascript","200","OK","Indexable","","","81","","https://teksea.net/cdn-cgi/scripts/5c5dd728/cloudflare-static/email-decode.min.js"
"https://teksea.net/wp-content/uploads/2026/03/kral_bombas_s_rie_k-1024x1024.webp","image/webp","200","OK","Indexable","","","80","","https://teksea.net/wp-content/uploads/2026/03/kral_bombas_s_rie_k-1024x1024.webp"
"https://teksea.net/wp-content/uploads/2026/03/images-3.jpeg","image/jpeg","200","OK","Indexable","","","59","","https://teksea.net/wp-content/uploads/2026/03/images-3.jpeg"
"https://teksea.net/wp-content/uploads/2026/02/svg-Acessorios.svg","image/svg+xml","200","OK","Indexable","","","64","","https://teksea.net/wp-content/uploads/2026/02/svg-Acessorios.svg"
"https://teksea.net/produto/bms-sistema-de-monitoramento-de-baterias/","text/html; charset=UTF-8","200","OK","Indexable","","64b7a8c08b9a155331444fd204167232","68","https://teksea.net/produto/bms-sistema-de-monitoramento-de-baterias/","https://teksea.net/produto/bms-sistema-de-monitoramento-de-baterias/"
"https://teksea.net/investimentos-bacia-de-campos-setor-offshore/","text/html; charset=UTF-8","200","OK","Indexable","","7651ab62b299dba7cc8b25ce9843028d","64","https://teksea.net/investimentos-bacia-de-campos-setor-offshore/","https://teksea.net/investimentos-bacia-de-campos-setor-offshore/"
"https://teksea.net/wp-content/uploads/2026/04/OFF-TEKSEA-SITE-NOTICIA-1-scaled.png","image/png","200","OK","Indexable","","","82","","https://teksea.net/wp-content/uploads/2026/04/OFF-TEKSEA-SITE-NOTICIA-1-scaled.png"
"https://teksea.net/produto/tekleakage-monitoramento-de-isolacao-em-barramentos-eletricos/","text/html; charset=UTF-8","200","OK","Indexable","","46213192054f6125d06ffae14af3c082","89","https://teksea.net/produto/tekleakage-monitoramento-de-isolacao-em-barramentos-eletricos/","https://teksea.net/produto/tekleakage-monitoramento-de-isolacao-em-barramentos-eletricos/"
"https://teksea.net/wp-content/uploads/2026/03/corenet_corebox_g2-1024x1024.webp","image/webp","200","OK","Indexable","","","79","","https://teksea.net/wp-content/uploads/2026/03/corenet_corebox_g2-1024x1024.webp"
"https://teksea.net/produto/teknav-nlc-painel-luzes-de-navegacao-e-sinalizacao/","text/html; charset=UTF-8","200","OK","Indexable","","3f7d80e3b1f1fd92bfc1a135761ccb3c","78","https://teksea.net/produto/teknav-nlc-painel-luzes-de-navegacao-e-sinalizacao/","https://teksea.net/produto/teknav-nlc-painel-luzes-de-navegacao-e-sinalizacao/"
"https://teksea.net/subcategoria/compactos-moveis/","text/html; charset=UTF-8","200","OK","Indexable","","9d7dd96d8b6c7d09e9e67d866ff7d379","49","https://teksea.net/subcategoria/compactos-moveis/","https://teksea.net/subcategoria/compactos-moveis/"
"https://teksea.net/wp-content/uploads/2026/03/kral_display_e_unidade_de_processamento_bem500-1024x1024.webp","image/webp","200","OK","Indexable","","","107","","https://teksea.net/wp-content/uploads/2026/03/kral_display_e_unidade_de_processamento_bem500-1024x1024.webp"
"https://teksea.net/subcategoria/compactos/","text/html; charset=UTF-8","301","Moved Permanently","Non-Indexable","Redirected","","42","","https://teksea.net/subcategoria/compactos/"
"https://teksea.net/mercados-que-atendemos/mobilidade-eletrica/","text/html; charset=UTF-8","200","OK","Indexable","","3f9cbb229473442cc6145cfcb82344eb","62","https://teksea.net/mercados-que-atendemos/mobilidade-eletrica/","https://teksea.net/mercados-que-atendemos/mobilidade-eletrica/"
"https://teksea.net/wp-content/uploads/2026/02/svg-Energia.svg","image/svg+xml","200","OK","Indexable","","","61","","https://teksea.net/wp-content/uploads/2026/02/svg-Energia.svg"
"https://teksea.net/wp-content/uploads/2026/02/svg-Transporte.svg","image/svg+xml","200","OK","Indexable","","","64","","https://teksea.net/wp-content/uploads/2026/02/svg-Transporte.svg"
"https://teksea.net/wp-content/uploads/2026/02/img_industrial.webp","image/webp","200","OK","Indexable","","","65","","https://teksea.net/wp-content/uploads/2026/02/img_industrial.webp"
"https://teksea.net/wp-content/uploads/2026/02/svg-video.svg","image/svg+xml","200","OK","Indexable","","","59","","https://teksea.net/wp-content/uploads/2026/02/svg-video.svg"
"https://teksea.net/wp-content/uploads/2026/02/svg-Defesa-Seguranca.svg","image/svg+xml","200","OK","Indexable","","","70","","https://teksea.net/wp-content/uploads/2026/02/svg-Defesa-Seguranca.svg"
"https://teksea.net/documentacao/","text/html; charset=UTF-8","200","OK","Indexable","","f5f7d23c3080f4fad5abcc925339fa30","32","https://teksea.net/documentacao/","https://teksea.net/documentacao/"
"https://teksea.net/subcategoria/conversor-estatico/","text/html; charset=UTF-8","200","OK","Indexable","","772f7ebed381ac99f86e53035c1f711f","51","https://teksea.net/subcategoria/conversor-estatico/","https://teksea.net/subcategoria/conversor-estatico/"
"https://teksea.net/wp-content/uploads/2026/03/tekmation_iamcs_sistema_integrado_de_automa_o-1024x1024.webp","image/webp","200","OK","Indexable","","","106","","https://teksea.net/wp-content/uploads/2026/03/tekmation_iamcs_sistema_integrado_de_automa_o-1024x1024.webp"
"https://teksea.net/wp-content/cache/min/1/lenis@1.1.18/dist/lenis.min.js?ver=1782299569","text/javascript; charset=utf-8","200","OK","Indexable","","","87","","https://teksea.net/wp-content/cache/min/1/lenis@1.1.18/dist/lenis.min.js?ver=1782299569"
"https://teksea.net/wp-content/uploads/2026/03/tps125_1_02_04_25-1024x1024.webp","image/webp","200","OK","Indexable","","","78","","https://teksea.net/wp-content/uploads/2026/03/tps125_1_02_04_25-1024x1024.webp"
"https://teksea.net/wp-content/uploads/2026/02/svg-Energia-Critica.svg","image/svg+xml","200","OK","Indexable","","","69","","https://teksea.net/wp-content/uploads/2026/02/svg-Energia-Critica.svg"
"https://teksea.net/wp-content/plugins/elementor/assets/js/webpack.runtime.min.js?ver=4.1.4","text/javascript; charset=utf-8","200","OK","Indexable","","","90","","https://teksea.net/wp-content/plugins/elementor/assets/js/webpack.runtime.min.js?ver=4.1.4"
"https://teksea.net/auditoria-da-petrobras-e-concluida-com-sucesso-e-reforca-qualidade-da-teksea/","text/html; charset=UTF-8","200","OK","Indexable","","ac97dbb166417adb1fe15618a1ffc347","96","https://teksea.net/auditoria-da-petrobras-e-concluida-com-sucesso-e-reforca-qualidade-da-teksea/","https://teksea.net/auditoria-da-petrobras-e-concluida-com-sucesso-e-reforca-qualidade-da-teksea/"
"https://teksea.net/mercados-que-atendemos/defesa-seguranca/","text/html; charset=UTF-8","200","OK","Indexable","","e0311533a870d17f6380f3f83c304535","59","https://teksea.net/mercados-que-atendemos/defesa-seguranca/","https://teksea.net/mercados-que-atendemos/defesa-seguranca/"
"https://teksea.net/wp-content/uploads/2026/04/img_bumenau_atualizado.webp","image/webp","200","OK","Indexable","","","73","","https://teksea.net/wp-content/uploads/2026/04/img_bumenau_atualizado.webp"
"https://teksea.net/wp-includes/js/dist/hooks.min.js?ver=7496969728ca0f95732d","text/javascript; charset=utf-8","200","OK","Indexable","","","76","","https://teksea.net/wp-includes/js/dist/hooks.min.js?ver=7496969728ca0f95732d"
"https://teksea.net/wp-content/plugins/download-manager/assets/modal/wpdm-modal.min.js?ver=3.3.62","text/javascript; charset=utf-8","200","OK","Indexable","","","96","","https://teksea.net/wp-content/plugins/download-manager/assets/modal/wpdm-modal.min.js?ver=3.3.62"
"https://teksea.net/produto/kral-display-e-unidade-de-processamento-bem500/","text/html; charset=UTF-8","200","OK","Indexable","","8d15fb54c8d78173d62eb90daf7b3730","74","https://teksea.net/produto/kral-display-e-unidade-de-processamento-bem500/","https://teksea.net/produto/kral-display-e-unidade-de-processamento-bem500/"
"https://teksea.net/wp-content/plugins/creame-whatsapp-me/public/js/joinchat.min.js?ver=6.2.3","text/javascript; charset=utf-8","200","OK","Indexable","","","92","","https://teksea.net/wp-content/plugins/creame-whatsapp-me/public/js/joinchat.min.js?ver=6.2.3"
"https://teksea.net/produto/ups-industrial-scr-igbt/","text/html; charset=UTF-8","200","OK","Indexable","","ff6d14d9f885ac8d06bacdc4cae35922","51","https://teksea.net/produto/ups-industrial-scr-igbt/","https://teksea.net/produto/ups-industrial-scr-igbt/"
"https://teksea.net/wp-content/uploads/2026/02/Logo-Teksea-Branco.svg","image/svg+xml","200","OK","Indexable","","","68","","https://teksea.net/wp-content/uploads/2026/02/Logo-Teksea-Branco.svg"
"https://teksea.net/produto/tms-1000-monitoracao-e-alarmes-de-tanques/","text/html; charset=UTF-8","200","OK","Indexable","","6911432062151bd6f867fea7e50d8086","69","https://teksea.net/produto/tms-1000-monitoracao-e-alarmes-de-tanques/","https://teksea.net/produto/tms-1000-monitoracao-e-alarmes-de-tanques/"
"https://teksea.net/wp-content/uploads/2026/02/svg-Saneamento.svg","image/svg+xml","200","OK","Indexable","","","64","","https://teksea.net/wp-content/uploads/2026/02/svg-Saneamento.svg"
"https://teksea.net/wp-content/uploads/2026/03/corebox_smart_g1-1024x1024.webp","image/webp","200","OK","Indexable","","","77","","https://teksea.net/wp-content/uploads/2026/03/corebox_smart_g1-1024x1024.webp"
"https://teksea.net/cdn-cgi/l/email-protection","text/html","404","Not Found","Non-Indexable","Client Error","","45","","https://teksea.net/cdn-cgi/l/email-protection"
"https://teksea.net/subcategoria/protecao/","text/html; charset=UTF-8","200","OK","Indexable","","9ff85c4a33f55b462820e44d4f8a2f47","41","https://teksea.net/subcategoria/protecao/","https://teksea.net/subcategoria/protecao/"
"https://teksea.net/mercados-que-atendemos/acucar-etanol/","text/html; charset=UTF-8","200","OK","Indexable","","5eececd1fd8f7d2ce082868795357a88","56","https://teksea.net/mercados-que-atendemos/acucar-etanol/","https://teksea.net/mercados-que-atendemos/acucar-etanol/"
"https://teksea.net/wp-content/uploads/2026/03/NT-Expo-_-o-que-fazer-no-terceiro-dia.jpg","image/jpeg","200","OK","Indexable","","","87","","https://teksea.net/wp-content/uploads/2026/03/NT-Expo-_-o-que-fazer-no-terceiro-dia.jpg"
"https://teksea.net/wp-content/uploads/2026/03/gen1.webp","image/webp","200","OK","Indexable","","","55","","https://teksea.net/wp-content/uploads/2026/03/gen1.webp"
"https://teksea.net/segmento/automacao/","text/html; charset=UTF-8","200","OK","Indexable","","9050aca6375d7da1749635a2c926ff1d","38","https://teksea.net/segmento/automacao/","https://teksea.net/segmento/automacao/"
"https://teksea.net/mercados-que-atendemos/siderurgia-mineracao/","text/html; charset=UTF-8","200","OK","Indexable","","e25e37f807b3ee5150c93a95faef534d","63","https://teksea.net/mercados-que-atendemos/siderurgia-mineracao/","https://teksea.net/mercados-que-atendemos/siderurgia-mineracao/"
"https://teksea.net/noticias/","text/html; charset=UTF-8","200","OK","Indexable","","b545ff175cd5c7faff8736ace678645c","28","https://teksea.net/noticias/","https://teksea.net/noticias/"
"https://teksea.net/segmento/acessorios/","text/html; charset=UTF-8","200","OK","Indexable","","1cb93dbd76b75791edffae278a7a3291","39","https://teksea.net/segmento/acessorios/","https://teksea.net/segmento/acessorios/"
"https://teksea.net/produto/marine-paineis-distribuicao-principal-e-auxiliares/","text/html; charset=UTF-8","200","OK","Indexable","","5c54ac96565eed761c77edeaae4b923d","78","https://teksea.net/produto/marine-paineis-distribuicao-principal-e-auxiliares/","https://teksea.net/produto/marine-paineis-distribuicao-principal-e-auxiliares/"
"https://teksea.net/wp-content/plugins/elementor-pro/assets/js/elements-handlers.min.js?ver=4.1.2","text/javascript; charset=utf-8","200","OK","Indexable","","","96","","https://teksea.net/wp-content/plugins/elementor-pro/assets/js/elements-handlers.min.js?ver=4.1.2"
"https://teksea.net/wp-content/plugins/elementor/assets/lib/swiper/v8/swiper.min.js?ver=8.4.5","text/javascript; charset=utf-8","200","OK","Indexable","","","92","","https://teksea.net/wp-content/plugins/elementor/assets/lib/swiper/v8/swiper.min.js?ver=8.4.5"
"https://teksea.net/wp-content/cache/min/1/wp-content/plugins/mask-form-elementor/assets/js/custom-mask-script.js?ver=1782299569","text/javascript; charset=utf-8","200","OK","Indexable","","","127","","https://teksea.net/wp-content/cache/min/1/wp-content/plugins/mask-form-elementor/assets/js/custom-mask-script.js?ver=1782299569"
"https://teksea.net/produto/kral-estacoes-oleo-lubrificante/","text/html; charset=UTF-8","200","OK","Indexable","","780e948cb641cfe490c5c55d3e0a6171","59","https://teksea.net/produto/kral-estacoes-oleo-lubrificante/","https://teksea.net/produto/kral-estacoes-oleo-lubrificante/"
"https://teksea.net/wp-content/uploads/2026/02/img_sp.webp","image/webp","200","OK","Indexable","","","57","","https://teksea.net/wp-content/uploads/2026/02/img_sp.webp"
"https://teksea.net/produto/kral-bombas-serie-k/","text/html; charset=UTF-8","200","OK","Indexable","","5c1fd281bb2f6de0ed64fb91649de89a","47","https://teksea.net/produto/kral-bombas-serie-k/","https://teksea.net/produto/kral-bombas-serie-k/"
"https://teksea.net/mercados-que-atendemos/energia/","text/html; charset=UTF-8","200","OK","Indexable","","af77d4e28c92ab36f641505187f3ff95","50","https://teksea.net/mercados-que-atendemos/energia/","https://teksea.net/mercados-que-atendemos/energia/"
"https://teksea.net/subcategoria/inversor-cc-ca-com-chave-estatica/","text/html; charset=UTF-8","200","OK","Indexable","","efaf784333a00e5403fc8b476c4fbab6","66","https://teksea.net/subcategoria/inversor-cc-ca-com-chave-estatica/","https://teksea.net/subcategoria/inversor-cc-ca-com-chave-estatica/"
"https://teksea.net/wp-content/uploads/2026/03/1920.webp","image/webp","200","OK","Indexable","","","55","","https://teksea.net/wp-content/uploads/2026/03/1920.webp"
"https://teksea.net/produto/radares/","text/html; charset=UTF-8","200","OK","Indexable","","6d8a04274d7086294c62686dee0c31b6","35","https://teksea.net/produto/radares/","https://teksea.net/produto/radares/"
"https://teksea.net/wp-content/uploads/2026/02/svg-Telecomunicacoes.svg","image/svg+xml","200","OK","Indexable","","","70","","https://teksea.net/wp-content/uploads/2026/02/svg-Telecomunicacoes.svg"
"https://teksea.net/wp-content/cache/min/1/wp-content/plugins/jet-engine/assets/js/frontend/modules/jet-smart-filters.js?ver=1782299569","text/javascript; charset=utf-8","200","OK","Indexable","","","134","","https://teksea.net/wp-content/cache/min/1/wp-content/plugins/jet-engine/assets/js/frontend/modules/jet-smart-filters.js?ver=1782299569"
"https://teksea.net/wp-content/cache/min/1/wp-content/plugins/jet-engine/assets/js/frontend/frontend.js?ver=1782299569","text/javascript; charset=utf-8","200","OK","Indexable","","","117","","https://teksea.net/wp-content/cache/min/1/wp-content/plugins/jet-engine/assets/js/frontend/frontend.js?ver=1782299569"
"https://teksea.net/produto/display-ecdis/","text/html; charset=UTF-8","200","OK","Indexable","","f3448aa0ff9fb63b12f6526eafef17","41","https://teksea.net/produto/display-ecdis/","https://teksea.net/produto/display-ecdis/"
"https://teksea.net/wp-content/uploads/2026/03/ind_stria_pain_is_de_distribui_o_el_trica-1024x1024.webp","image/webp","200","OK","Indexable","","","102","","https://teksea.net/wp-content/uploads/2026/03/ind_stria_pain_is_de_distribui_o_el_trica-1024x1024.webp"
"https://teksea.net/wp-content/uploads/2026/02/img_naval_e_portu_rio.webp","image/webp","200","OK","Indexable","","","72","","https://teksea.net/wp-content/uploads/2026/02/img_naval_e_portu_rio.webp"
"https://teksea.net/wp-content/plugins/download-manager/assets/js/wpdm.min.js?ver=7.0","text/javascript; charset=utf-8","200","OK","Indexable","","","84","","https://teksea.net/wp-content/plugins/download-manager/assets/js/wpdm.min.js?ver=7.0"
"https://teksea.net/produto/tekmation-iamcs-sistema-integrado-de-automacao/","text/html; charset=UTF-8","200","OK","Indexable","","82c6134f7f73e30fb9c4428426ffe755","74","https://teksea.net/produto/tekmation-iamcs-sistema-integrado-de-automacao/","https://teksea.net/produto/tekmation-iamcs-sistema-integrado-de-automacao/"
"https://teksea.net/wp-content/uploads/2026/03/bms_1_02_04_25-1024x1024.webp","image/webp","200","OK","Indexable","","","75","","https://teksea.net/wp-content/uploads/2026/03/bms_1_02_04_25-1024x1024.webp"
"https://teksea.net/subcategoria/inversor-cc-ca","text/html; charset=UTF-8","301","Moved Permanently","Non-Indexable","Redirected","","46","","https://teksea.net/subcategoria/inversor-cc-ca"
"https://teksea.net/wp-content/uploads/2026/02/svg-Hidroeletrica.svg","image/svg+xml","200","OK","Indexable","","","67","","https://teksea.net/wp-content/uploads/2026/02/svg-Hidroeletrica.svg"
"https://teksea.net/wp-content/uploads/2026/03/img_post_noticia_iso_9001_v2.webp","image/webp","200","OK","Indexable","","","79","","https://teksea.net/wp-content/uploads/2026/03/img_post_noticia_iso_9001_v2.webp"
"https://teksea.net/subcategoria/bombas-de-parafuso-duplo/","text/html; charset=UTF-8","200","OK","Indexable","","610cdb65163039dc639be6db9d7a8055","57","https://teksea.net/subcategoria/bombas-de-parafuso-duplo/","https://teksea.net/subcategoria/bombas-de-parafuso-duplo/"
"https://teksea.net/segmento/energia-critica/","text/html; charset=UTF-8","200","OK","Indexable","","7020c84a984fa60f7586e623f4c89a24","44","https://teksea.net/segmento/energia-critica/","https://teksea.net/segmento/energia-critica/"
"https://teksea.net/subcategoria/chaveados-modulares-tps/","text/html; charset=UTF-8","200","OK","Indexable","","42e356125612a21d818f6db51c3798e9","56","https://teksea.net/subcategoria/chaveados-modulares-tps/","https://teksea.net/subcategoria/chaveados-modulares-tps/"
"https://teksea.net/wp-includes/js/dist/i18n.min.js?ver=781d11515ad3d91786ec","text/javascript; charset=utf-8","200","OK","Indexable","","","75","","https://teksea.net/wp-includes/js/dist/i18n.min.js?ver=781d11515ad3d91786ec"
"https://teksea.net/wp-content/plugins/elementor-pro/assets/js/frontend.min.js?ver=4.1.2","text/javascript; charset=utf-8","200","OK","Indexable","","","87","","https://teksea.net/wp-content/plugins/elementor-pro/assets/js/frontend.min.js?ver=4.1.2"
"https://teksea.net/produto/ams1024-modulo-para-monitoracao-e-alarmes/","text/html; charset=UTF-8","200","OK","Indexable","","ef89c5ba66e2ef4aada4b63c4f8dcaa6","69","https://teksea.net/produto/ams1024-modulo-para-monitoracao-e-alarmes/","https://teksea.net/produto/ams1024-modulo-para-monitoracao-e-alarmes/"
"https://teksea.net/eventos/mostra-bid-brasil/","text/html; charset=UTF-8","200","OK","Indexable","","865730cfe190d29100feefba86d8c973","45","https://teksea.net/eventos/mostra-bid-brasil/","https://teksea.net/eventos/mostra-bid-brasil/"
"https://teksea.net/videos/teksea-telecom-energia-que-conecta-o-mundo/","text/html; charset=UTF-8","200","OK","Indexable","","581516acd18ac84266c2bd8d80879711","69","https://teksea.net/videos/teksea-telecom-energia-que-conecta-o-mundo/","https://teksea.net/videos/teksea-telecom-energia-que-conecta-o-mundo/"
"https://teksea.net/wp-content/plugins/wp-rocket/assets/js/lazyload/17.8.3/lazyload.min.js","text/javascript; charset=utf-8","200","OK","Indexable","","","89","","https://teksea.net/wp-content/plugins/wp-rocket/assets/js/lazyload/17.8.3/lazyload.min.js"
"https://teksea.net/eventos/fiee-feira-internacional-da-industria-eletrica/","text/html; charset=UTF-8","200","OK","Indexable","","8167ff0424d2d3c22916d7fb28ebc74e","74","https://teksea.net/eventos/fiee-feira-internacional-da-industria-eletrica/","https://teksea.net/eventos/fiee-feira-internacional-da-industria-eletrica/"
"https://teksea.net/wp-includes/js/jquery/ui/core.min.js?ver=1.13.3","text/javascript; charset=utf-8","200","OK","Indexable","","","66","","https://teksea.net/wp-includes/js/jquery/ui/core.min.js?ver=1.13.3"
"https://teksea.net/wp-content/plugins/elementor/assets/js/frontend.min.js?ver=4.1.4","text/javascript; charset=utf-8","200","OK","Indexable","","","83","","https://teksea.net/wp-content/plugins/elementor/assets/js/frontend.min.js?ver=4.1.4"
"https://teksea.net/wp-includes/js/jquery/jquery.form.min.js?ver=4.3.0","text/javascript; charset=utf-8","200","OK","Indexable","","","69","","https://teksea.net/wp-includes/js/jquery/jquery.form.min.js?ver=4.3.0"
"https://teksea.net/wp-content/uploads/2026/03/QEP-1024x1024.png","image/png","200","OK","Indexable","","","63","","https://teksea.net/wp-content/uploads/2026/03/QEP-1024x1024.png"
"https://teksea.net/mercados-que-atendemos/papel-celulose/","text/html; charset=UTF-8","200","OK","Indexable","","c19aa875407a43408383a6b4e08ac56","57","https://teksea.net/mercados-que-atendemos/papel-celulose/","https://teksea.net/mercados-que-atendemos/papel-celulose/"
"https://teksea.net/produto/fire-system/","text/html; charset=UTF-8","200","OK","Indexable","","88560e0da7d31491605072bb33f46bd5","39","https://teksea.net/produto/fire-system/","https://teksea.net/produto/fire-system/"
"https://teksea.net/wp-content/plugins/elementor-pro/assets/js/webpack-pro.runtime.min.js?ver=4.1.2","text/javascript; charset=utf-8","200","OK","Indexable","","","98","","https://teksea.net/wp-content/plugins/elementor-pro/assets/js/webpack-pro.runtime.min.js?ver=4.1.2"
"https://teksea.net/wp-content/uploads/2026/03/kral_fluxometro_s_rie_omp-1024x1024.webp","image/webp","200","OK","Indexable","","","86","","https://teksea.net/wp-content/uploads/2026/03/kral_fluxometro_s_rie_omp-1024x1024.webp"
"https://teksea.net/wp-content/uploads/2026/02/svg-canal-de-etica.svg","image/svg+xml","200","OK","Indexable","","","68","","https://teksea.net/wp-content/uploads/2026/02/svg-canal-de-etica.svg"
"https://teksea.net/mercados-que-atendemos/naval-portos/","text/html; charset=UTF-8","200","OK","Indexable","","a5a83f8475d567bb46a2a0decd594a8e","55","https://teksea.net/mercados-que-atendemos/naval-portos/","https://teksea.net/mercados-que-atendemos/naval-portos/"
"https://teksea.net/produto/bnwas-bridge-navigational-watch-alarm-system/","text/html; charset=UTF-8","200","OK","Indexable","","8bc6752d89db818b2b801c240273acd5","72","https://teksea.net/produto/bnwas-bridge-navigational-watch-alarm-system/","https://teksea.net/produto/bnwas-bridge-navigational-watch-alarm-system/"
"https://teksea.net/produto/corenet-corebox-g2/","text/html; charset=UTF-8","200","OK","Indexable","","90ed2d810701cff8ebfb3069118e6050","46","https://teksea.net/produto/corenet-corebox-g2/","https://teksea.net/produto/corenet-corebox-g2/"
"https://teksea.net/produto/corebox-smart-g1/","text/html; charset=UTF-8","200","OK","Indexable","","2c3d5a58f6e94b703add4a3f19e2bf0e","44","https://teksea.net/produto/corebox-smart-g1/","https://teksea.net/produto/corebox-smart-g1/"
"https://teksea.net/wp-content/plugins/elementor/assets/js/frontend-modules.min.js?ver=4.1.4","text/javascript; charset=utf-8","200","OK","Indexable","","","91","","https://teksea.net/wp-content/plugins/elementor/assets/js/frontend-modules.min.js?ver=4.1.4"
"https://teksea.net/wp-content/uploads/2026/02/img_mobilidade_e_transporte.webp","image/webp","200","OK","Indexable","","","78","","https://teksea.net/wp-content/uploads/2026/02/img_mobilidade_e_transporte.webp"
"https://teksea.net/wp-content/uploads/2026/03/corebox_smart_g1.webp","image/webp","200","OK","Indexable","","","67","","https://teksea.net/wp-content/uploads/2026/03/corebox_smart_g1.webp"
"https://teksea.net/wp-content/uploads/2026/03/corenet_corebox_g2.webp","image/webp","200","OK","Indexable","","","69","","https://teksea.net/wp-content/uploads/2026/03/corenet_corebox_g2.webp"
"https://teksea.net/wp-content/uploads/2026/03/bnwas_bridge_navigational_watch_alarm_system.webp","image/webp","200","OK","Indexable","","","95","","https://teksea.net/wp-content/uploads/2026/03/bnwas_bridge_navigational_watch_alarm_system.webp"
"https://teksea.net/fale-conosco/","text/html; charset=UTF-8","200","OK","Indexable","","4c75e1ba0cb62e2191ddc74684166694","32","https://teksea.net/fale-conosco/","https://teksea.net/fale-conosco/"
"https://teksea.net/wp-content/uploads/2026/03/fire_system.webp","image/webp","200","OK","Indexable","","","62","","https://teksea.net/wp-content/uploads/2026/03/fire_system.webp"
"https://teksea.net/produto/kral-fluxometro-serie-omp/","text/html; charset=UTF-8","200","OK","Indexable","","3012158212ada0564894d466d432638a","53","https://teksea.net/produto/kral-fluxometro-serie-omp/","https://teksea.net/produto/kral-fluxometro-serie-omp/"
"https://teksea.net/wp-content/uploads/2026/03/kral_fluxometro_s_rie_omp.webp","image/webp","200","OK","Indexable","","","76","","https://teksea.net/wp-content/uploads/2026/03/kral_fluxometro_s_rie_omp.webp"
"https://teksea.net/wp-content/uploads/2026/04/RelatorioIgualdadeSalarialLote_2026_1_12515928000198.pdf","application/pdf","200","OK","Indexable","","","102","","https://teksea.net/wp-content/uploads/2026/04/RelatorioIgualdadeSalarialLote_2026_1_12515928000198.pdf"
"https://teksea.net/wp-content/uploads/2026/04/2-2025-Relatorio-Igualdade-Salarial.pdf","application/pdf","200","OK","Indexable","","","85","","https://teksea.net/wp-content/uploads/2026/04/2-2025-Relatorio-Igualdade-Salarial.pdf"
"https://teksea.net/wp-content/uploads/2026/04/1-2025-Relatorio-Igualdade-Salarial.pdf","application/pdf","200","OK","Indexable","","","85","","https://teksea.net/wp-content/uploads/2026/04/1-2025-Relatorio-Igualdade-Salarial.pdf"
"https://teksea.net/videos/","text/html; charset=UTF-8","200","OK","Indexable","","af8024fb4fad378115b672d4717c06fd","26","https://teksea.net/videos/","https://teksea.net/videos/"
"https://teksea.net/wp-content/uploads/2026/03/ams1024_m_dulo_para_monitora_o_e_alarmes.webp","image/webp","200","OK","Indexable","","","91","","https://teksea.net/wp-content/uploads/2026/03/ams1024_m_dulo_para_monitora_o_e_alarmes.webp"
"https://teksea.net/produto/retificador-carregador-chaveado-tps-24/","text/html; charset=UTF-8","200","OK","Indexable","","4dd65d311cd861546ccdf93ff2f794ca","66","https://teksea.net/produto/retificador-carregador-chaveado-tps-24/","https://teksea.net/produto/retificador-carregador-chaveado-tps-24/"
"https://teksea.net/wp-content/uploads/2026/03/tps24_1_02_04_25-1024x1024.webp","image/webp","200","OK","Indexable","","","77","","https://teksea.net/wp-content/uploads/2026/03/tps24_1_02_04_25-1024x1024.webp"
"https://teksea.net/videos/tekpower-scr-espanol-retificador-cargador/","text/html; charset=UTF-8","200","OK","Indexable","","7b563c2d617f77a1bfd816b8672d352a","68","https://teksea.net/videos/tekpower-scr-espanol-retificador-cargador/","https://teksea.net/videos/tekpower-scr-espanol-retificador-cargador/"
"https://teksea.net/wp-content/uploads/2026/03/autom_caract1_768x1897_1.webp","image/webp","200","OK","Indexable","","","75","","https://teksea.net/wp-content/uploads/2026/03/autom_caract1_768x1897_1.webp"
"https://teksea.net/wp-content/uploads/2026/03/display_ecdis.webp","image/webp","200","OK","Indexable","","","64","","https://teksea.net/wp-content/uploads/2026/03/display_ecdis.webp"
"https://teksea.net/wp-content/uploads/2026/03/tekmation_iamcs_sistema_integrado_de_automa_o.webp","image/webp","200","OK","Indexable","","","96","","https://teksea.net/wp-content/uploads/2026/03/tekmation_iamcs_sistema_integrado_de_automa_o.webp"
"https://teksea.net/wp-content/uploads/2026/03/eg_g2a_1.webp","image/webp","200","OK","Indexable","","","59","","https://teksea.net/wp-content/uploads/2026/03/eg_g2a_1.webp"
"https://teksea.net/subcategoria/inversor-cc-ca/","text/html; charset=UTF-8","200","OK","Indexable","","db6702096f4affbf455ea8e4e9c593c0","47","https://teksea.net/subcategoria/inversor-cc-ca/","https://teksea.net/subcategoria/inversor-cc-ca/"
"https://teksea.net/wp-content/uploads/2026/03/radares.webp","image/webp","200","OK","Indexable","","","58","","https://teksea.net/wp-content/uploads/2026/03/radares.webp"
"https://teksea.net/wp-content/uploads/2026/03/kral_bombas_s_rie_k.webp","image/webp","200","OK","Indexable","","","70","","https://teksea.net/wp-content/uploads/2026/03/kral_bombas_s_rie_k.webp"
"https://teksea.net/wp-content/uploads/2026/03/kral_esta_es_leo_lubrificante.webp","image/webp","200","OK","Indexable","","","80","","https://teksea.net/wp-content/uploads/2026/03/kral_esta_es_leo_lubrificante.webp"
"https://teksea.net/wp-content/uploads/2026/03/QEP.png","image/png","200","OK","Indexable","","","53","","https://teksea.net/wp-content/uploads/2026/03/QEP.png"
"https://teksea.net/wp-content/uploads/2026/03/consoles_e_mesas_de_controle-1024x1024.webp","image/webp","200","OK","Indexable","","","89","","https://teksea.net/wp-content/uploads/2026/03/consoles_e_mesas_de_controle-1024x1024.webp"
"https://teksea.net/wp-content/uploads/2026/03/ccm_centro_de_controle_de_motores-1024x1024.webp","image/webp","200","OK","Indexable","","","94","","https://teksea.net/wp-content/uploads/2026/03/ccm_centro_de_controle_de_motores-1024x1024.webp"
"https://teksea.net/wp-content/uploads/2026/03/tekleakage_monitoramento_de_isola_o_em_barramentos_el_tricos-1024x1024.webp","image/webp","200","OK","Indexable","","","121","","https://teksea.net/wp-content/uploads/2026/03/tekleakage_monitoramento_de_isola_o_em_barramentos_el_tricos-1024x1024.webp"
"https://teksea.net/wp-content/uploads/2026/02/img_post_noticia_3.webp","image/webp","200","OK","Indexable","","","69","","https://teksea.net/wp-content/uploads/2026/02/img_post_noticia_3.webp"
"https://teksea.net/wp-content/uploads/2026/02/img_post_noticia_5.webp","image/webp","200","OK","Indexable","","","69","","https://teksea.net/wp-content/uploads/2026/02/img_post_noticia_5.webp"
"https://teksea.net/consolidacao-de-parceria-entre-empresas-enel-e-teksea/","text/html; charset=UTF-8","200","OK","Indexable","","2171f54040f4f9d6a132eafc67479600","73","https://teksea.net/consolidacao-de-parceria-entre-empresas-enel-e-teksea/","https://teksea.net/consolidacao-de-parceria-entre-empresas-enel-e-teksea/"
"https://teksea.net/atividades-no-navio-fsru-bw-magna-sob-um-novo-mundo-pos-virus/","text/html; charset=UTF-8","200","OK","Indexable","","c8bf0fe3331f83982b14ac8a6fd99770","81","https://teksea.net/atividades-no-navio-fsru-bw-magna-sob-um-novo-mundo-pos-virus/","https://teksea.net/atividades-no-navio-fsru-bw-magna-sob-um-novo-mundo-pos-virus/"
"https://teksea.net/wp-content/uploads/2026/02/img_post_noticia_6.webp","image/webp","200","OK","Indexable","","","69","","https://teksea.net/wp-content/uploads/2026/02/img_post_noticia_6.webp"
"https://teksea.net/novo-navio-petroleiro-equipado-com-sistemas-teksea-rumo-a-fernando-de-noronha/","text/html; charset=UTF-8","200","OK","Indexable","","fc40a1f04ab4b0b66135982e3bcfe46a","97","https://teksea.net/novo-navio-petroleiro-equipado-com-sistemas-teksea-rumo-a-fernando-de-noronha/","https://teksea.net/novo-navio-petroleiro-equipado-com-sistemas-teksea-rumo-a-fernando-de-noronha/"
"https://teksea.net/produto/ccm-centro-de-controle-de-motores/","text/html; charset=UTF-8","200","OK","Indexable","","ab53abe8347cc4f684b9917ac10667af","61","https://teksea.net/produto/ccm-centro-de-controle-de-motores/","https://teksea.net/produto/ccm-centro-de-controle-de-motores/"
"https://teksea.net/wp-content/uploads/2026/02/img_post_noticia_2.webp","image/webp","200","OK","Indexable","","","69","","https://teksea.net/wp-content/uploads/2026/02/img_post_noticia_2.webp"
"https://teksea.net/teksea-entrega-sistemas-de-energia-controle-comunicacao-e-automacao-para-navio-de-transporte-de-combustiveis/","text/html; charset=UTF-8","200","OK","Indexable","","267fe6415a4131b46e30d191f0f8b57a","128","https://teksea.net/teksea-entrega-sistemas-de-energia-controle-comunicacao-e-automacao-para-navio-de-transporte-de-combustiveis/","https://teksea.net/teksea-entrega-sistemas-de-energia-controle-comunicacao-e-automacao-para-navio-de-transporte-de-combustiveis/"
"https://teksea.net/wp-content/uploads/2026/03/display_ecdis-1024x1024.webp","image/webp","200","OK","Indexable","","","74","","https://teksea.net/wp-content/uploads/2026/03/display_ecdis-1024x1024.webp"
"https://teksea.net/wp-content/uploads/2026/03/tms_1000_monitora_o_e_alarmes_de_tanques-1024x1024.webp","image/webp","200","OK","Indexable","","","101","","https://teksea.net/wp-content/uploads/2026/03/tms_1000_monitora_o_e_alarmes_de_tanques-1024x1024.webp"
"https://teksea.net/wp-content/uploads/2026/03/radares-1024x1024.webp","image/webp","200","OK","Indexable","","","68","","https://teksea.net/wp-content/uploads/2026/03/radares-1024x1024.webp"
"https://teksea.net/wp-content/uploads/2026/03/CRSL-0030-871x1024.webp","image/webp","200","OK","Indexable","","","69","","https://teksea.net/wp-content/uploads/2026/03/CRSL-0030-871x1024.webp"
"https://teksea.net/wp-content/uploads/2026/03/tms_1000_monitora_o_e_alarmes_de_tanques.webp","image/webp","200","OK","Indexable","","","91","","https://teksea.net/wp-content/uploads/2026/03/tms_1000_monitora_o_e_alarmes_de_tanques.webp"
"https://teksea.net/wp-content/uploads/2026/03/scr_igbt_1_02_04_25.webp","image/webp","200","OK","Indexable","","","70","","https://teksea.net/wp-content/uploads/2026/03/scr_igbt_1_02_04_25.webp"
"https://teksea.net/wp-content/uploads/2026/03/kral_display_e_unidade_de_processamento_bem500.webp","image/webp","200","OK","Indexable","","","97","","https://teksea.net/wp-content/uploads/2026/03/kral_display_e_unidade_de_processamento_bem500.webp"
"https://teksea.net/wp-content/uploads/2026/03/IMG-certificados.svg","image/svg+xml","200","OK","Indexable","","","66","","https://teksea.net/wp-content/uploads/2026/03/IMG-certificados.svg"
"https://teksea.net/wp-content/uploads/2026/03/IMG-catalogo.svg","image/svg+xml","200","OK","Indexable","","","62","","https://teksea.net/wp-content/uploads/2026/03/IMG-catalogo.svg"
"https://teksea.net/wp-content/uploads/2026/03/IMG-manuais.svg","image/svg+xml","200","OK","Indexable","","","61","","https://teksea.net/wp-content/uploads/2026/03/IMG-manuais.svg"
"https://teksea.net/wp-content/uploads/2026/03/tps125p_1_02_04_25-1024x1024.webp","image/webp","200","OK","Indexable","","","79","","https://teksea.net/wp-content/uploads/2026/03/tps125p_1_02_04_25-1024x1024.webp"
"https://teksea.net/noticias/page/2/","text/html; charset=UTF-8","200","OK","Indexable","","e68edbbd3169b22c7adb86efde0dd7e3","35","https://teksea.net/noticias/page/2/","https://teksea.net/noticias/page/2/"
"https://teksea.net/wp-content/uploads/2026/03/ihm_nlc_2_1.webp","image/webp","200","OK","Indexable","","","62","","https://teksea.net/wp-content/uploads/2026/03/ihm_nlc_2_1.webp"
"https://teksea.net/wp-content/uploads/2026/03/teknav_nlc_painel_luzes_de_navega_o_e_sinaliza_o.webp","image/webp","200","OK","Indexable","","","99","","https://teksea.net/wp-content/uploads/2026/03/teknav_nlc_painel_luzes_de_navega_o_e_sinaliza_o.webp"
"https://teksea.net/wp-content/uploads/2026/03/modulo_dc_1_1.webp","image/webp","200","OK","Indexable","","","64","","https://teksea.net/wp-content/uploads/2026/03/modulo_dc_1_1.webp"
"https://teksea.net/wp-content/uploads/2026/03/modulo_ac_1_1.webp","image/webp","200","OK","Indexable","","","64","","https://teksea.net/wp-content/uploads/2026/03/modulo_ac_1_1.webp"
"https://teksea.net/produto/retificador-carregador-chaveado-portatil-tps125-p/","text/html; charset=UTF-8","200","OK","Indexable","","2b9eb500b0f0925ca8276ec625834789","77","https://teksea.net/produto/retificador-carregador-chaveado-portatil-tps125-p/","https://teksea.net/produto/retificador-carregador-chaveado-portatil-tps125-p/"
"https://teksea.net/wp-content/uploads/2026/03/tekleakage_monitoramento_de_isola_o_em_barramentos_el_tricos.webp","image/webp","200","OK","Indexable","","","111","","https://teksea.net/wp-content/uploads/2026/03/tekleakage_monitoramento_de_isola_o_em_barramentos_el_tricos.webp"
"https://teksea.net/wp-content/plugins/elementor-pro/assets/css/widget-post-info.min.css?ver=4.1.2","text/css; charset=utf-8","200","OK","Indexable","","","97","","https://teksea.net/wp-content/plugins/elementor-pro/assets/css/widget-post-info.min.css?ver=4.1.2"
"https://teksea.net/central-de-documentos/?jsf=jet-engine&meta=pdf_tipo:manual","text/html; charset=UTF-8","200","OK","Non-Indexable","Canonicalised","d90d3fafbca80aee6721e3a630f9f2d1","77","https://teksea.net/central-de-documentos/","https://teksea.net/central-de-documentos/?jsf=jet-engine&meta=pdf_tipo:manual"
"https://teksea.net/wp-content/plugins/elementor/assets/css/widget-divider.min.css?ver=4.1.4","text/css; charset=utf-8","200","OK","Indexable","","","91","","https://teksea.net/wp-content/plugins/elementor/assets/css/widget-divider.min.css?ver=4.1.4"
"https://teksea.net/wp-content/cache/min/1/wp-content/plugins/download-manager/assets/wpdm-iconfont/css/wpdm-icons.css?ver=1783441967","text/css; charset=utf-8","200","OK","Indexable","","","132","","https://teksea.net/wp-content/cache/min/1/wp-content/plugins/download-manager/assets/wpdm-iconfont/css/wpdm-icons.css?ver=1783441967"
"https://teksea.net/wp-content/plugins/download-manager/assets/modal/wpdm-modal.min.css?ver=3.3.62","text/css; charset=utf-8","200","OK","Indexable","","","97","","https://teksea.net/wp-content/plugins/download-manager/assets/modal/wpdm-modal.min.css?ver=3.3.62"
"https://teksea.net/wp-content/cache/background-css/1/teksea.net/wp-content/plugins/download-manager/assets/css/front-dark.min.css?ver=3.3.62&wpr_t=1783432579","text/css; charset=utf-8","200","OK","Indexable","","","157","","https://teksea.net/wp-content/cache/background-css/1/teksea.net/wp-content/plugins/download-manager/assets/css/front-dark.min.css?ver=3.3.62&wpr_t=1783432579"
"https://teksea.net/central-de-documentos/?jsf=jet-engine&meta=pdf_tipo:catalogo","text/html; charset=UTF-8","200","OK","Non-Indexable","Canonicalised","6f44433f6725e7b4c742dbf7b03c8f81","79","https://teksea.net/central-de-documentos/","https://teksea.net/central-de-documentos/?jsf=jet-engine&meta=pdf_tipo:catalogo"
"https://teksea.net/wp-content/plugins/elementor-pro/assets/css/widget-post-navigation.min.css?ver=4.1.2","text/css; charset=utf-8","200","OK","Indexable","","","103","","https://teksea.net/wp-content/plugins/elementor-pro/assets/css/widget-post-navigation.min.css?ver=4.1.2"
"https://teksea.net/wp-content/uploads/elementor/css/custom-widget-icon-list.min.css?ver=1783441923","text/css; charset=utf-8","200","OK","Indexable","","","98","","https://teksea.net/wp-content/uploads/elementor/css/custom-widget-icon-list.min.css?ver=1783441923"
"https://teksea.net/wp-content/plugins/elementor/assets/css/widget-nested-accordion.min.css?ver=4.1.4","text/css; charset=utf-8","200","OK","Indexable","","","100","","https://teksea.net/wp-content/plugins/elementor/assets/css/widget-nested-accordion.min.css?ver=4.1.4"
"https://teksea.net/wp-content/plugins/elementor/assets/lib/animations/styles/fadeInUp.min.css?ver=4.1.4","text/css; charset=utf-8","200","OK","Indexable","","","103","","https://teksea.net/wp-content/plugins/elementor/assets/lib/animations/styles/fadeInUp.min.css?ver=4.1.4"
"https://teksea.net/wp-content/uploads/elementor/css/post-42.css?ver=1783441924","text/css; charset=utf-8","200","OK","Indexable","","","78","","https://teksea.net/wp-content/uploads/elementor/css/post-42.css?ver=1783441924"
"https://teksea.net/wp-content/cache/min/1/wp-content/themes/hello-elementor/assets/css/header-footer.css?ver=1783441967","text/css; charset=utf-8","200","OK","Indexable","","","119","","https://teksea.net/wp-content/cache/min/1/wp-content/themes/hello-elementor/assets/css/header-footer.css?ver=1783441967"
"https://teksea.net/wp-content/cache/background-css/1/teksea.net/wp-content/plugins/download-manager/assets/css/front.min.css?ver=3.3.62&wpr_t=1783432579","text/css; charset=utf-8","200","OK","Indexable","","","152","","https://teksea.net/wp-content/cache/background-css/1/teksea.net/wp-content/plugins/download-manager/assets/css/front.min.css?ver=3.3.62&wpr_t=1783432579"
"https://teksea.net/wp-includes/blocks/paragraph/style.min.css?ver=7.0","text/css; charset=utf-8","200","OK","Indexable","","","69","","https://teksea.net/wp-includes/blocks/paragraph/style.min.css?ver=7.0"
"https://teksea.net/wp-content/plugins/elementor-pro/assets/css/conditionals/popup.min.css?ver=4.1.2","text/css; charset=utf-8","200","OK","Indexable","","","99","","https://teksea.net/wp-content/plugins/elementor-pro/assets/css/conditionals/popup.min.css?ver=4.1.2"
"https://teksea.net/wp-content/cache/fonts/1/google-fonts/css/1/a/d/6af3f99c08f6a36b5997e9266be13.css","text/css; charset=utf-8","200","OK","Indexable","","","100","","https://teksea.net/wp-content/cache/fonts/1/google-fonts/css/1/a/d/6af3f99c08f6a36b5997e9266be13.css"
"https://teksea.net/wp-content/uploads/elementor/css/custom-frontend.min.css?ver=1783441923","text/css; charset=utf-8","200","OK","Indexable","","","90","","https://teksea.net/wp-content/uploads/elementor/css/custom-frontend.min.css?ver=1783441923"
"https://teksea.net/wp-content/plugins/elementor/assets/lib/animations/styles/fadeInRight.min.css?ver=4.1.4","text/css; charset=utf-8","200","OK","Indexable","","","106","","https://teksea.net/wp-content/plugins/elementor/assets/lib/animations/styles/fadeInRight.min.css?ver=4.1.4"
"https://teksea.net/wp-content/cache/min/1/kpr6vgf.css?ver=1783441967","text/css; charset=utf-8","200","OK","Indexable","","","68","","https://teksea.net/wp-content/cache/min/1/kpr6vgf.css?ver=1783441967"
"https://teksea.net/wp-content/cache/min/1/wp-content/plugins/jet-search/assets/css/jet-search.css?ver=1783441967","text/css; charset=utf-8","200","OK","Indexable","","","112","","https://teksea.net/wp-content/cache/min/1/wp-content/plugins/jet-search/assets/css/jet-search.css?ver=1783441967"
"https://teksea.net/wp-content/plugins/elementor-pro/assets/css/widget-search.min.css?ver=4.1.2","text/css; charset=utf-8","200","OK","Indexable","","","94","","https://teksea.net/wp-content/plugins/elementor-pro/assets/css/widget-search.min.css?ver=4.1.2"
"https://teksea.net/wp-content/plugins/elementor/assets/css/widget-image.min.css?ver=4.1.4","text/css; charset=utf-8","200","OK","Indexable","","","89","","https://teksea.net/wp-content/plugins/elementor/assets/css/widget-image.min.css?ver=4.1.4"
"https://teksea.net/wp-content/plugins/elementor/assets/lib/animations/styles/e-animation-grow.min.css?ver=4.1.4","text/css; charset=utf-8","200","OK","Indexable","","","111","","https://teksea.net/wp-content/plugins/elementor/assets/lib/animations/styles/e-animation-grow.min.css?ver=4.1.4"
"https://teksea.net/wp-content/cache/background-css/1/teksea.net/wp-content/plugins/jet-search/assets/lib/chosen/chosen.min.css?ver=1.8.7&wpr_t=1783432579","text/css; charset=utf-8","200","OK","Indexable","","","153","","https://teksea.net/wp-content/cache/background-css/1/teksea.net/wp-content/plugins/jet-search/assets/lib/chosen/chosen.min.css?ver=1.8.7&wpr_t=1783432579"
"https://teksea.net/wp-content/plugins/elementor-pro/assets/css/widget-form.min.css?ver=4.1.2","text/css; charset=utf-8","200","OK","Indexable","","","92","","https://teksea.net/wp-content/plugins/elementor-pro/assets/css/widget-form.min.css?ver=4.1.2"
"https://teksea.net/2026/04/07/","text/html; charset=UTF-8","200","OK","Non-Indexable","noindex","71eff6008df280bd6062d3959f882ac7","30","","https://teksea.net/2026/04/07/"
"https://teksea.net/wp-content/uploads/elementor/css/post-2286.css?ver=1783441924","text/css; charset=utf-8","200","OK","Indexable","","","80","","https://teksea.net/wp-content/uploads/elementor/css/post-2286.css?ver=1783441924"
"https://teksea.net/wp-content/uploads/elementor/css/custom-apple-webkit.min.css?ver=1783441923","text/css; charset=utf-8","200","OK","Indexable","","","94","","https://teksea.net/wp-content/uploads/elementor/css/custom-apple-webkit.min.css?ver=1783441923"
"https://teksea.net/wp-content/plugins/elementor-pro/assets/css/widget-off-canvas.min.css?ver=4.1.2","text/css; charset=utf-8","200","OK","Indexable","","","98","","https://teksea.net/wp-content/plugins/elementor-pro/assets/css/widget-off-canvas.min.css?ver=4.1.2"
"https://teksea.net/wp-content/uploads/elementor/css/post-1003.css?ver=1783443379","text/css; charset=utf-8","200","OK","Indexable","","","80","","https://teksea.net/wp-content/uploads/elementor/css/post-1003.css?ver=1783443379"
"https://teksea.net/wp-content/plugins/elementor/assets/css/widget-social-icons.min.css?ver=4.1.4","text/css; charset=utf-8","200","OK","Indexable","","","96","","https://teksea.net/wp-content/plugins/elementor/assets/css/widget-social-icons.min.css?ver=4.1.4"
"https://teksea.net/wp-content/cache/background-css/1/teksea.net/wp-content/uploads/elementor/css/post-44.css?ver=1783441924&wpr_t=1783432579","text/css; charset=utf-8","200","OK","Indexable","","","140","","https://teksea.net/wp-content/cache/background-css/1/teksea.net/wp-content/uploads/elementor/css/post-44.css?ver=1783441924&wpr_t=1783432579"
"https://teksea.net/wp-content/plugins/elementor-pro/assets/css/widget-share-buttons.min.css?ver=4.1.2","text/css; charset=utf-8","200","OK","Indexable","","","101","","https://teksea.net/wp-content/plugins/elementor-pro/assets/css/widget-share-buttons.min.css?ver=4.1.2"
"https://teksea.net/wp-content/plugins/elementor/assets/css/widget-heading.min.css?ver=4.1.4","text/css; charset=utf-8","200","OK","Indexable","","","91","","https://teksea.net/wp-content/plugins/elementor/assets/css/widget-heading.min.css?ver=4.1.4"
"https://teksea.net/wp-content/uploads/elementor/css/post-21.css?ver=1783441923","text/css; charset=utf-8","200","OK","Indexable","","","78","","https://teksea.net/wp-content/uploads/elementor/css/post-21.css?ver=1783441923"
"https://teksea.net/wp-content/cache/min/1/wp-content/themes/hello-elementor/assets/css/theme.css?ver=1783441967","text/css; charset=utf-8","200","OK","Indexable","","","111","","https://teksea.net/wp-content/cache/min/1/wp-content/themes/hello-elementor/assets/css/theme.css?ver=1783441967"
"https://teksea.net/wp-content/plugins/elementor-pro/assets/css/widget-breadcrumbs.min.css?ver=4.1.2","text/css; charset=utf-8","200","OK","Indexable","","","99","","https://teksea.net/wp-content/plugins/elementor-pro/assets/css/widget-breadcrumbs.min.css?ver=4.1.2"
"https://teksea.net/wp-content/cache/min/1/wp-content/plugins/jet-engine/assets/css/frontend.css?ver=1783441967","text/css; charset=utf-8","200","OK","Indexable","","","110","","https://teksea.net/wp-content/cache/min/1/wp-content/plugins/jet-engine/assets/css/frontend.css?ver=1783441967"
"https://teksea.net/wp-content/uploads/elementor/css/post-1311.css?ver=1783441924","text/css; charset=utf-8","200","OK","Indexable","","","80","","https://teksea.net/wp-content/uploads/elementor/css/post-1311.css?ver=1783441924"
"https://teksea.net/wp-content/plugins/elementor-pro/assets/css/widget-posts.min.css?ver=4.1.2","text/css; charset=utf-8","200","OK","Indexable","","","93","","https://teksea.net/wp-content/plugins/elementor-pro/assets/css/widget-posts.min.css?ver=4.1.2"
"https://teksea.net/wp-content/cache/min/1/wp-content/themes/hello-elementor/assets/css/reset.css?ver=1783441967","text/css; charset=utf-8","200","OK","Indexable","","","111","","https://teksea.net/wp-content/cache/min/1/wp-content/themes/hello-elementor/assets/css/reset.css?ver=1783441967"
"https://teksea.net/wp-content/uploads/2026/03/thor_monitoramento_remoto.webp","image/webp","200","OK","Indexable","","","76","","https://teksea.net/wp-content/uploads/2026/03/thor_monitoramento_remoto.webp"
"https://teksea.net/wp-content/uploads/2026/03/bms_1_02_04_25.webp","image/webp","200","OK","Indexable","","","65","","https://teksea.net/wp-content/uploads/2026/03/bms_1_02_04_25.webp"
"https://teksea.net/wp-content/uploads/2026/03/tekcharger_1_02_04_25-1024x1024.webp","image/webp","200","OK","Indexable","","","82","","https://teksea.net/wp-content/uploads/2026/03/tekcharger_1_02_04_25-1024x1024.webp"
"https://teksea.net/wp-content/uploads/2026/02/image_nossa_equipe.webp","image/webp","200","OK","Indexable","","","69","","https://teksea.net/wp-content/uploads/2026/02/image_nossa_equipe.webp"
"https://teksea.net/wp-content/uploads/2026/03/image_manufacturing_assessment_american_bureau_shipping2_1x.webp","image/webp","200","OK","Indexable","","","110","","https://teksea.net/wp-content/uploads/2026/03/image_manufacturing_assessment_american_bureau_shipping2_1x.webp"
"https://teksea.net/wp-content/uploads/2026/03/image_design_assessment_american_bureau_shipping_teksea_1x_1_1x.webp","image/webp","200","OK","Indexable","","","114","","https://teksea.net/wp-content/uploads/2026/03/image_design_assessment_american_bureau_shipping_teksea_1x_1_1x.webp"
"https://teksea.net/wp-content/uploads/2026/03/image_certificado_carregadores_de_baterias_tekcharger_bureau_veritas_teksea_1x_1_1x.webp","image/webp","200","OK","Indexable","","","134","","https://teksea.net/wp-content/uploads/2026/03/image_certificado_carregadores_de_baterias_tekcharger_bureau_veritas_teksea_1x_1_1x.webp"
"https://teksea.net/wp-content/uploads/2026/03/image_type_approval_certificate_bridge_navigational_watch_alarm_system_abs_teksea_1x_1_1x.webp","image/webp","200","OK","Indexable","","","140","","https://teksea.net/wp-content/uploads/2026/03/image_type_approval_certificate_bridge_navigational_watch_alarm_system_abs_teksea_1x_1_1x.webp"
"https://teksea.net/wp-content/uploads/2026/03/image_manufacturing_assessment_american_bureau_shipping_1x.webp","image/webp","200","OK","Indexable","","","109","","https://teksea.net/wp-content/uploads/2026/03/image_manufacturing_assessment_american_bureau_shipping_1x.webp"
"https://teksea.net/wp-content/uploads/2026/03/image_ohs_835480_sistema_de_gest_o_de_saude_e_seguran_a_ocupacional_1x_1_1x.webp","image/webp","200","OK","Indexable","","","126","","https://teksea.net/wp-content/uploads/2026/03/image_ohs_835480_sistema_de_gest_o_de_saude_e_seguran_a_ocupacional_1x_1_1x.webp"
"https://teksea.net/videos/tekmation-thor-monitoramento-inteligente-para-telecomunicacoes/","text/html; charset=UTF-8","200","OK","Indexable","","4d56b9a5361b79b335c45cc4f8a7bcd7","89","https://teksea.net/videos/tekmation-thor-monitoramento-inteligente-para-telecomunicacoes/","https://teksea.net/videos/tekmation-thor-monitoramento-inteligente-para-telecomunicacoes/"
"https://teksea.net/wp-content/uploads/2026/03/image_certificado_tps48300_page_0001_1.webp","image/webp","200","OK","Indexable","","","89","","https://teksea.net/wp-content/uploads/2026/03/image_certificado_tps48300_page_0001_1.webp"
"https://teksea.net/wp-content/uploads/2026/03/image_fm_612678_sistema_de_gesta_o_da_qualidade.webp","image/webp","200","OK","Indexable","","","98","","https://teksea.net/wp-content/uploads/2026/03/image_fm_612678_sistema_de_gesta_o_da_qualidade.webp"
"https://teksea.net/produto/tekcharger-swm/","text/html; charset=UTF-8","200","OK","Indexable","","f3a6178ad9df79b740d65b67684fe9e9","42","https://teksea.net/produto/tekcharger-swm/","https://teksea.net/produto/tekcharger-swm/"
"https://teksea.net/wp-content/uploads/2026/03/image_el_cs_200037_page_0001_1.webp","image/webp","200","OK","Indexable","","","81","","https://teksea.net/wp-content/uploads/2026/03/image_el_cs_200037_page_0001_1.webp"
"https://teksea.net/wp-content/uploads/2026/03/image_ensaios_clim_ticos_linha_tekpower_inpe_teksea_1x_1_1x.webp","image/webp","200","OK","Indexable","","","110","","https://teksea.net/wp-content/uploads/2026/03/image_ensaios_clim_ticos_linha_tekpower_inpe_teksea_1x_1_1x.webp"
"https://teksea.net/wp-content/uploads/2026/02/image_parceria_com_universidades.webp","image/webp","200","OK","Indexable","","","83","","https://teksea.net/wp-content/uploads/2026/02/image_parceria_com_universidades.webp"
"https://teksea.net/wp-content/uploads/2026/03/image_certificate_for_battery_and_accessories_bureau_veritas_1x.webp","image/webp","200","OK","Indexable","","","114","","https://teksea.net/wp-content/uploads/2026/03/image_certificate_for_battery_and_accessories_bureau_veritas_1x.webp"
"https://teksea.net/wp-content/uploads/2026/03/image_ensaios_de_vibra_o_linha_tekpower_ibec_teksea_1x_1_1x.webp","image/webp","200","OK","Indexable","","","110","","https://teksea.net/wp-content/uploads/2026/03/image_ensaios_de_vibra_o_linha_tekpower_ibec_teksea_1x_1_1x.webp"
"https://teksea.net/wp-content/uploads/2026/03/image_acceptance_test_certificate_automa_o_rina_teksea_1x_1_1x.webp","image/webp","200","OK","Indexable","","","113","","https://teksea.net/wp-content/uploads/2026/03/image_acceptance_test_certificate_automa_o_rina_teksea_1x_1_1x.webp"
"https://teksea.net/wp-content/uploads/2026/03/image_type_approval_certificate_automa_o_accu_e_abcu_abs_teksea_1x_1_1x.webp","image/webp","200","OK","Indexable","","","122","","https://teksea.net/wp-content/uploads/2026/03/image_type_approval_certificate_automa_o_accu_e_abcu_abs_teksea_1x_1_1x.webp"
"https://teksea.net/wp-content/uploads/2026/03/image_ensaios_de_choque_linha_tekpower_inpe_teksea_1x_1_1x.webp","image/webp","200","OK","Indexable","","","109","","https://teksea.net/wp-content/uploads/2026/03/image_ensaios_de_choque_linha_tekpower_inpe_teksea_1x_1_1x.webp"
"https://teksea.net/wp-content/uploads/2026/02/image_laborat_rios.webp","image/webp","200","OK","Indexable","","","69","","https://teksea.net/wp-content/uploads/2026/02/image_laborat_rios.webp"
"https://teksea.net/wp-content/uploads/2026/03/image_technical_report_page_0001_1.webp","image/webp","200","OK","Indexable","","","85","","https://teksea.net/wp-content/uploads/2026/03/image_technical_report_page_0001_1.webp"
"https://teksea.net/wp-content/uploads/2026/03/image_ensaios_de_emi_emc_linha_tekpower_inpe_teksea_1x_1_1x.webp","image/webp","200","OK","Indexable","","","110","","https://teksea.net/wp-content/uploads/2026/03/image_ensaios_de_emi_emc_linha_tekpower_inpe_teksea_1x_1_1x.webp"
"https://teksea.net/wp-content/uploads/2026/03/image_ems_835479_ssitema_de_gest_o_ambiental_1x_1_1x.webp","image/webp","200","OK","Indexable","","","103","","https://teksea.net/wp-content/uploads/2026/03/image_ems_835479_ssitema_de_gest_o_ambiental_1x_1_1x.webp"
"https://teksea.net/wp-content/uploads/2026/03/gradil_tekbox_1.webp","image/webp","200","OK","Indexable","","","66","","https://teksea.net/wp-content/uploads/2026/03/gradil_tekbox_1.webp"
"https://teksea.net/wp-content/uploads/2026/03/tps125_1_02_04_25.webp","image/webp","200","OK","Indexable","","","68","","https://teksea.net/wp-content/uploads/2026/03/tps125_1_02_04_25.webp"
"https://teksea.net/wp-content/uploads/2026/03/CRSL-0030.webp","image/webp","200","OK","Indexable","","","60","","https://teksea.net/wp-content/uploads/2026/03/CRSL-0030.webp"
"https://teksea.net/wp-content/uploads/2026/03/page_iot1_1.webp","image/webp","200","OK","Indexable","","","62","","https://teksea.net/wp-content/uploads/2026/03/page_iot1_1.webp"
"https://teksea.net/wp-content/uploads/2026/03/tks_png_page_empur_iamcs_1.webp","image/webp","200","OK","Indexable","","","77","","https://teksea.net/wp-content/uploads/2026/03/tks_png_page_empur_iamcs_1.webp"
"https://teksea.net/videos/tekpower-tps-retificador-carregador/","text/html; charset=UTF-8","200","OK","Indexable","","5ec12f52b42d7086fd237c778a875ab1","62","https://teksea.net/videos/tekpower-tps-retificador-carregador/","https://teksea.net/videos/tekpower-tps-retificador-carregador/"
"https://teksea.net/wp-content/uploads/2026/03/ind_stria_pain_is_de_distribui_o_el_trica.webp","image/webp","200","OK","Indexable","","","92","","https://teksea.net/wp-content/uploads/2026/03/ind_stria_pain_is_de_distribui_o_el_trica.webp"
"https://teksea.net/wp-content/uploads/2026/03/consoles_e_mesas_de_controle.webp","image/webp","200","OK","Indexable","","","79","","https://teksea.net/wp-content/uploads/2026/03/consoles_e_mesas_de_controle.webp"
"https://teksea.net/subcategoria/navegacao-e-comunicacao/","text/html; charset=UTF-8","200","OK","Indexable","","7fb9bc3d7028085aa1160e102bfd1b5","56","https://teksea.net/subcategoria/navegacao-e-comunicacao/","https://teksea.net/subcategoria/navegacao-e-comunicacao/"
"https://teksea.net/2026/03/25/","text/html; charset=UTF-8","200","OK","Non-Indexable","noindex","20536d3aad5df2e55c35564815614db8","30","","https://teksea.net/2026/03/25/"
"https://teksea.net/wp-content/uploads/2026/03/kral_bombas_z_series-1024x1024.webp","image/webp","200","OK","Indexable","","","81","","https://teksea.net/wp-content/uploads/2026/03/kral_bombas_z_series-1024x1024.webp"
"https://teksea.net/produto/kral-bombas-z-series/","text/html; charset=UTF-8","200","OK","Indexable","","60b29b5be45694659e867a7e4acd4a48","48","https://teksea.net/produto/kral-bombas-z-series/","https://teksea.net/produto/kral-bombas-z-series/"
"https://teksea.net/produto/vhf-icom-m506/","text/html; charset=UTF-8","200","OK","Indexable","","574ef53ef1dd0dba598b8884694f7680","41","https://teksea.net/produto/vhf-icom-m506/","https://teksea.net/produto/vhf-icom-m506/"
"https://teksea.net/wp-content/uploads/2026/03/vhf_icom_m506-1024x1024.webp","image/webp","200","OK","Indexable","","","74","","https://teksea.net/wp-content/uploads/2026/03/vhf_icom_m506-1024x1024.webp"
"https://teksea.net/wp-content/uploads/2026/03/kral_bombas_s_rie_l-1-1024x1024.webp","image/webp","200","OK","Indexable","","","82","","https://teksea.net/wp-content/uploads/2026/03/kral_bombas_s_rie_l-1-1024x1024.webp"
"https://teksea.net/wp-content/uploads/2026/03/motor_h_eco-1024x1024.webp","image/webp","200","OK","Indexable","","","72","","https://teksea.net/wp-content/uploads/2026/03/motor_h_eco-1024x1024.webp"
"https://teksea.net/wp-content/uploads/2026/03/tps48_1_02_04_25-1024x1024.webp","image/webp","200","OK","Indexable","","","77","","https://teksea.net/wp-content/uploads/2026/03/tps48_1_02_04_25-1024x1024.webp"
"https://teksea.net/wp-content/uploads/2026/03/thor_monitoramento_remoto-1024x1024.webp","image/webp","200","OK","Indexable","","","86","","https://teksea.net/wp-content/uploads/2026/03/thor_monitoramento_remoto-1024x1024.webp"
"https://teksea.net/produto/kral-bombas-serie-l/","text/html; charset=UTF-8","200","OK","Indexable","","dbbc0120b49103775f2f440103fc55fa","47","https://teksea.net/produto/kral-bombas-serie-l/","https://teksea.net/produto/kral-bombas-serie-l/"
"https://teksea.net/produto/retificador-carregador-chaveado-tps-48/","text/html; charset=UTF-8","200","OK","Indexable","","2e4644c39c7cbd7d266878887a96b127","66","https://teksea.net/produto/retificador-carregador-chaveado-tps-48/","https://teksea.net/produto/retificador-carregador-chaveado-tps-48/"
"https://teksea.net/produto/motor-h-eco/","text/html; charset=UTF-8","200","OK","Indexable","","bfb3ad1307ba58c1393e244147c23d8c","39","https://teksea.net/produto/motor-h-eco/","https://teksea.net/produto/motor-h-eco/"
"https://teksea.net/wp-includes/js/jquery/ui/datepicker.min.js?ver=1.13.3","text/javascript; charset=utf-8","200","OK","Indexable","","","72","","https://teksea.net/wp-includes/js/jquery/ui/datepicker.min.js?ver=1.13.3"
"https://teksea.net/wp-content/cache/min/1/wp-content/plugins/jet-smart-filters/assets/js/public.js?ver=1782299658","text/javascript; charset=utf-8","200","OK","Indexable","","","113","","https://teksea.net/wp-content/cache/min/1/wp-content/plugins/jet-smart-filters/assets/js/public.js?ver=1782299658"
"https://teksea.net/wp-content/uploads/2026/03/img_post_noticia_iso_14001.webp","image/webp","200","OK","Indexable","","","77","","https://teksea.net/wp-content/uploads/2026/03/img_post_noticia_iso_14001.webp"
"https://teksea.net/entrega-de-sistemas-de-energia-a-eletrobras-furnas/","text/html; charset=UTF-8","200","OK","Indexable","","d28132aa1b4193890526f692ce6bca65","70","https://teksea.net/entrega-de-sistemas-de-energia-a-eletrobras-furnas/","https://teksea.net/entrega-de-sistemas-de-energia-a-eletrobras-furnas/"
"https://teksea.net/teksea-obtem-certificacao-iso-450012018-e-fortalece-sua-cultura-de-saude-e-seguranca-no-trabalho/","text/html; charset=UTF-8","200","OK","Indexable","","f00a9f90c2513251ebaf5772603e4dd5","116","https://teksea.net/teksea-obtem-certificacao-iso-450012018-e-fortalece-sua-cultura-de-saude-e-seguranca-no-trabalho/","https://teksea.net/teksea-obtem-certificacao-iso-450012018-e-fortalece-sua-cultura-de-saude-e-seguranca-no-trabalho/"
"https://teksea.net/wp-content/uploads/2026/02/img_post_noticia_7.webp","image/webp","200","OK","Indexable","","","69","","https://teksea.net/wp-content/uploads/2026/02/img_post_noticia_7.webp"
"https://teksea.net/wp-content/uploads/2026/03/img_post_noticia_iso_45001.webp","image/webp","200","OK","Indexable","","","77","","https://teksea.net/wp-content/uploads/2026/03/img_post_noticia_iso_45001.webp"
"https://teksea.net/teksea-conquista-certificacao-iso-140012015-e-reforca-seu-compromisso-com-a-sustentabilidade-e-a-gestao-ambiental-responsavel/","text/html; charset=UTF-8","200","OK","Indexable","","9151683934227c2d98677110cd75644c","145","https://teksea.net/teksea-conquista-certificacao-iso-140012015-e-reforca-seu-compromisso-com-a-sustentabilidade-e-a-gestao-ambiental-responsavel/","https://teksea.net/teksea-conquista-certificacao-iso-140012015-e-reforca-seu-compromisso-com-a-sustentabilidade-e-a-gestao-ambiental-responsavel/"
"https://teksea.net/wp-content/plugins/elementor-pro/assets/lib/sticky/jquery.sticky.min.js?ver=4.1.2","text/javascript; charset=utf-8","200","OK","Indexable","","","100","","https://teksea.net/wp-content/plugins/elementor-pro/assets/lib/sticky/jquery.sticky.min.js?ver=4.1.2"
"https://teksea.net/wp-content/uploads/2026/02/scr3_1_02_04_25.webp","image/webp","200","OK","Indexable","","","66","","https://teksea.net/wp-content/uploads/2026/02/scr3_1_02_04_25.webp"
"https://teksea.net/videos/tekpower-scr-retificador-carregador/","text/html; charset=UTF-8","200","OK","Indexable","","8866bb6be5ce464486a95370a9fad768","62","https://teksea.net/videos/tekpower-scr-retificador-carregador/","https://teksea.net/videos/tekpower-scr-retificador-carregador/"
"https://teksea.net/wp-content/uploads/2026/03/ups_comercial_1_02_04_25-1024x1024.webp","image/webp","200","OK","Indexable","","","85","","https://teksea.net/wp-content/uploads/2026/03/ups_comercial_1_02_04_25-1024x1024.webp"
"https://teksea.net/wp-content/uploads/2026/06/inversor_cc_ca_rack_19_11_05_25-1024x1024.webp","image/webp","200","OK","Indexable","","","92","","https://teksea.net/wp-content/uploads/2026/06/inversor_cc_ca_rack_19_11_05_25-1024x1024.webp"
"https://teksea.net/produto/","text/html; charset=UTF-8","301","Moved Permanently","Non-Indexable","Redirected","","27","","https://teksea.net/produto/"
"https://teksea.net/wp-content/cache/min/1/wp-content/plugins/mask-form-elementor/assets/deprecate_js/maskformelementor.js?ver=1782299658","text/javascript; charset=utf-8","200","OK","Indexable","","","136","","https://teksea.net/wp-content/cache/min/1/wp-content/plugins/mask-form-elementor/assets/deprecate_js/maskformelementor.js?ver=1782299658"
"https://teksea.net/wp-content/uploads/2026/03/bki_1_02_04_25-1024x1024.webp","image/webp","200","OK","Indexable","","","75","","https://teksea.net/wp-content/uploads/2026/03/bki_1_02_04_25-1024x1024.webp"
"https://teksea.net/produto/ups-industrial-full-igbt/","text/html; charset=UTF-8","200","OK","Indexable","","aa37500c6e8762d1e09be3323ce7b1c9","52","https://teksea.net/produto/ups-industrial-full-igbt/","https://teksea.net/produto/ups-industrial-full-igbt/"
"https://teksea.net/produto/ups-comercial/","text/html; charset=UTF-8","200","OK","Indexable","","84fba23e86eac4b590bd3710c50f086f","41","https://teksea.net/produto/ups-comercial/","https://teksea.net/produto/ups-comercial/"
"https://teksea.net/produto/conversor-estatico-de-frequencia-400hz/","text/html; charset=UTF-8","200","OK","Indexable","","7e6708658fe7d17c1217879aa4b637b","66","https://teksea.net/produto/conversor-estatico-de-frequencia-400hz/","https://teksea.net/produto/conversor-estatico-de-frequencia-400hz/"
"https://teksea.net/wp-content/plugins/mask-form-elementor/assets/deprecate_js/jquery.mask.min.js?ver=1.0","text/javascript; charset=utf-8","200","OK","Indexable","","","104","","https://teksea.net/wp-content/plugins/mask-form-elementor/assets/deprecate_js/jquery.mask.min.js?ver=1.0"
"https://teksea.net/wp-content/uploads/2026/03/conversor_estatico_de_frequencia_1_06_04_25-1024x1024.webp","image/webp","200","OK","Indexable","","","104","","https://teksea.net/wp-content/uploads/2026/03/conversor_estatico_de_frequencia_1_06_04_25-1024x1024.webp"
"https://teksea.net/produto/inversor-cc-ca-rack-19/","text/html; charset=UTF-8","200","OK","Indexable","","a24bec1e6956d4adf428277074884132","50","https://teksea.net/produto/inversor-cc-ca-rack-19/","https://teksea.net/produto/inversor-cc-ca-rack-19/"
"https://teksea.net/wp-content/plugins/wp-rocket/assets/js/wpr-beacon.min.js","text/javascript; charset=utf-8","200","OK","Indexable","","","75","","https://teksea.net/wp-content/plugins/wp-rocket/assets/js/wpr-beacon.min.js"
"https://teksea.net/wp-content/uploads/2026/03/ups_modular_3_02_04_25-1024x1024.webp","image/webp","200","OK","Indexable","","","83","","https://teksea.net/wp-content/uploads/2026/03/ups_modular_3_02_04_25-1024x1024.webp"
"https://teksea.net/wp-content/uploads/2026/03/kral_bombas_s_rie_c-1024x1024.webp","image/webp","200","OK","Indexable","","","80","","https://teksea.net/wp-content/uploads/2026/03/kral_bombas_s_rie_c-1024x1024.webp"
"https://teksea.net/produto/ups-modular/","text/html; charset=UTF-8","200","OK","Indexable","","bae7ec55139b3287f0cc436a879ef1c3","39","https://teksea.net/produto/ups-modular/","https://teksea.net/produto/ups-modular/"
"https://teksea.net/wp-content/uploads/2026/03/ups_full_igbt_1_02_04_25-1024x1024.webp","image/webp","200","OK","Indexable","","","85","","https://teksea.net/wp-content/uploads/2026/03/ups_full_igbt_1_02_04_25-1024x1024.webp"
"https://teksea.net/wp-content/uploads/2026/06/inversor_cc_ca_rack_19_11_05_25.webp","image/webp","200","OK","Indexable","","","82","","https://teksea.net/wp-content/uploads/2026/06/inversor_cc_ca_rack_19_11_05_25.webp"
"https://teksea.net/produto/inversor-cc-ca-industrial/","text/html; charset=UTF-8","200","OK","Indexable","","1db1b618824b809e83638b4ee9dbf95f","53","https://teksea.net/produto/inversor-cc-ca-industrial/","https://teksea.net/produto/inversor-cc-ca-industrial/"
"https://teksea.net/produto/kral-bombas-serie-c/","text/html; charset=UTF-8","200","OK","Indexable","","f82450dd11e28c3d245f248371ab5ab9","47","https://teksea.net/produto/kral-bombas-serie-c/","https://teksea.net/produto/kral-bombas-serie-c/"
"https://teksea.net/wp-content/uploads/2026/03/ups_modular_3_02_04_25.webp","image/webp","200","OK","Indexable","","","73","","https://teksea.net/wp-content/uploads/2026/03/ups_modular_3_02_04_25.webp"
"https://teksea.net/wp-content/uploads/2026/03/ups_comercial_1_02_04_25.webp","image/webp","200","OK","Indexable","","","75","","https://teksea.net/wp-content/uploads/2026/03/ups_comercial_1_02_04_25.webp"
"https://teksea.net/wp-content/uploads/2026/03/conversor_estatico_de_frequencia_1_06_04_25.webp","image/webp","200","OK","Indexable","","","94","","https://teksea.net/wp-content/uploads/2026/03/conversor_estatico_de_frequencia_1_06_04_25.webp"
"https://teksea.net/wp-content/uploads/2026/03/bki_1_02_04_25.webp","image/webp","200","OK","Indexable","","","65","","https://teksea.net/wp-content/uploads/2026/03/bki_1_02_04_25.webp"
"https://teksea.net/wp-content/uploads/2026/03/kral_bombas_s_rie_c.webp","image/webp","200","OK","Indexable","","","70","","https://teksea.net/wp-content/uploads/2026/03/kral_bombas_s_rie_c.webp"
"https://teksea.net/wp-content/uploads/2026/03/ups_full_igbt_1_02_04_25.webp","image/webp","200","OK","Indexable","","","75","","https://teksea.net/wp-content/uploads/2026/03/ups_full_igbt_1_02_04_25.webp"
"https://teksea.net/wp-content/uploads/2026/03/motor_h_eco.webp","image/webp","200","OK","Indexable","","","62","","https://teksea.net/wp-content/uploads/2026/03/motor_h_eco.webp"
"https://teksea.net/wp-content/uploads/2026/03/tps48_1_02_04_25.webp","image/webp","200","OK","Indexable","","","67","","https://teksea.net/wp-content/uploads/2026/03/tps48_1_02_04_25.webp"
"https://teksea.net/wp-content/uploads/2026/03/kral_bombas_s_rie_l-1.webp","image/webp","200","OK","Indexable","","","72","","https://teksea.net/wp-content/uploads/2026/03/kral_bombas_s_rie_l-1.webp"
"https://teksea.net/wp-content/uploads/2026/03/vhf_icom_m506.webp","image/webp","200","OK","Indexable","","","64","","https://teksea.net/wp-content/uploads/2026/03/vhf_icom_m506.webp"
"https://teksea.net/wp-content/uploads/2026/03/kral_bombas_z_series.webp","image/webp","200","OK","Indexable","","","71","","https://teksea.net/wp-content/uploads/2026/03/kral_bombas_z_series.webp"
"https://teksea.net/wp-content/uploads/2026/03/wheelhouse_tekmation_computer_touch_screen-1024x1024.webp","image/webp","200","OK","Indexable","","","103","","https://teksea.net/wp-content/uploads/2026/03/wheelhouse_tekmation_computer_touch_screen-1024x1024.webp"
"https://teksea.net/wp-content/uploads/2026/03/tekcharger_1_02_04_25.webp","image/webp","200","OK","Indexable","","","72","","https://teksea.net/wp-content/uploads/2026/03/tekcharger_1_02_04_25.webp"
"https://teksea.net/wp-content/uploads/2026/04/OFF-TEKSEA-SITE-NOTICIA-1-1024x479.png","image/png","200","OK","Indexable","","","84","","https://teksea.net/wp-content/uploads/2026/04/OFF-TEKSEA-SITE-NOTICIA-1-1024x479.png"
"https://teksea.net/wp-content/plugins/jet-search/assets/lib/chosen/chosen.min.css?ver=1.8.7","text/css; charset=utf-8","200","OK","Indexable","","","91","","https://teksea.net/wp-content/plugins/jet-search/assets/lib/chosen/chosen.min.css?ver=1.8.7"
"https://teksea.net/wp-content/themes/hello-elementor/assets/css/header-footer.css?ver=3.4.9","text/css; charset=utf-8","200","OK","Indexable","","","91","","https://teksea.net/wp-content/themes/hello-elementor/assets/css/header-footer.css?ver=3.4.9"
"https://teksea.net/wp-content/plugins/jet-search/assets/css/jet-search.css?ver=3.6.1.2","text/css; charset=utf-8","200","OK","Indexable","","","86","","https://teksea.net/wp-content/plugins/jet-search/assets/css/jet-search.css?ver=3.6.1.2"
"https://teksea.net/wp-content/uploads/elementor/css/post-44.css?ver=1783441924","text/css; charset=utf-8","200","OK","Indexable","","","78","","https://teksea.net/wp-content/uploads/elementor/css/post-44.css?ver=1783441924"
"https://teksea.net/wp-content/plugins/mask-form-elementor/assets/js/new-input-mask.js?ver=4.4.3","text/javascript; charset=utf-8","200","OK","Indexable","","","95","","https://teksea.net/wp-content/plugins/mask-form-elementor/assets/js/new-input-mask.js?ver=4.4.3"
"https://teksea.net/wp-content/plugins/jet-search/assets/lib/jet-plugins/jet-plugins.js?ver=1.0.0","text/javascript; charset=utf-8","200","OK","Indexable","","","96","","https://teksea.net/wp-content/plugins/jet-search/assets/lib/jet-plugins/jet-plugins.js?ver=1.0.0"
"https://teksea.net/wp-content/plugins/download-manager/assets/wpdm-iconfont/css/wpdm-icons.css?ver=7.0","text/css; charset=utf-8","200","OK","Indexable","","","102","","https://teksea.net/wp-content/plugins/download-manager/assets/wpdm-iconfont/css/wpdm-icons.css?ver=7.0"
"https://teksea.net/produto/wheelhouse-tekmation-computer-touch-screen/","text/html; charset=UTF-8","200","OK","Indexable","","df1a57a4fba1bc01e8c2e9956e27dfb2","70","https://teksea.net/produto/wheelhouse-tekmation-computer-touch-screen/","https://teksea.net/produto/wheelhouse-tekmation-computer-touch-screen/"
"https://teksea.net/wp-content/plugins/jet-engine/assets/js/frontend/modules/jet-smart-filters.js?ver=3.8.11.1","text/javascript; charset=utf-8","200","OK","Indexable","","","109","","https://teksea.net/wp-content/plugins/jet-engine/assets/js/frontend/modules/jet-smart-filters.js?ver=3.8.11.1"
"https://teksea.net/wp-content/uploads/elementor/css/post-1652.css?ver=1783441966","text/css; charset=utf-8","200","OK","Indexable","","","80","","https://teksea.net/wp-content/uploads/elementor/css/post-1652.css?ver=1783441966"
"https://teksea.net/wp-content/plugins/jet-smart-filters/assets/js/public.js?ver=3.8.3.1","text/javascript; charset=utf-8","200","OK","Indexable","","","87","","https://teksea.net/wp-content/plugins/jet-smart-filters/assets/js/public.js?ver=3.8.3.1"
"https://teksea.net/wp-content/themes/hello-elementor/assets/js/hello-frontend.js?ver=3.4.9","text/javascript; charset=utf-8","200","OK","Indexable","","","90","","https://teksea.net/wp-content/themes/hello-elementor/assets/js/hello-frontend.js?ver=3.4.9"
"https://teksea.net/wp-content/themes/hello-elementor/assets/css/reset.css?ver=3.4.9","text/css; charset=utf-8","200","OK","Indexable","","","83","","https://teksea.net/wp-content/themes/hello-elementor/assets/css/reset.css?ver=3.4.9"
"https://teksea.net/wp-content/plugins/download-manager/assets/css/front-dark.min.css?ver=3.3.62","text/css; charset=utf-8","200","OK","Indexable","","","95","","https://teksea.net/wp-content/plugins/download-manager/assets/css/front-dark.min.css?ver=3.3.62"
"https://teksea.net/wp-content/themes/hello-elementor/assets/css/theme.css?ver=3.4.9","text/css; charset=utf-8","200","OK","Indexable","","","83","","https://teksea.net/wp-content/themes/hello-elementor/assets/css/theme.css?ver=3.4.9"
"https://teksea.net/wp-content/plugins/jet-engine/assets/js/frontend/frontend.js?ver=3.8.11.1","text/javascript; charset=utf-8","200","OK","Indexable","","","92","","https://teksea.net/wp-content/plugins/jet-engine/assets/js/frontend/frontend.js?ver=3.8.11.1"
"https://teksea.net/wp-content/plugins/download-manager/assets/css/front.min.css?ver=3.3.62","text/css; charset=utf-8","200","OK","Indexable","","","90","","https://teksea.net/wp-content/plugins/download-manager/assets/css/front.min.css?ver=3.3.62"
"https://teksea.net/wp-content/uploads/elementor/css/post-1659.css?ver=1783441966","text/css; charset=utf-8","200","OK","Indexable","","","80","","https://teksea.net/wp-content/uploads/elementor/css/post-1659.css?ver=1783441966"
"https://teksea.net/wp-content/plugins/mask-form-elementor/assets/js/custom-mask-script.js?ver=4.4.3","text/javascript; charset=utf-8","200","OK","Indexable","","","99","","https://teksea.net/wp-content/plugins/mask-form-elementor/assets/js/custom-mask-script.js?ver=4.4.3"
"https://teksea.net/wp-content/plugins/jet-engine/assets/css/frontend.css?ver=3.8.11.1","text/css; charset=utf-8","200","OK","Indexable","","","85","","https://teksea.net/wp-content/plugins/jet-engine/assets/css/frontend.css?ver=3.8.11.1"
"https://teksea.net/wp-content/uploads/2026/03/tps125p_1_02_04_25.webp","image/webp","200","OK","Indexable","","","69","","https://teksea.net/wp-content/uploads/2026/03/tps125p_1_02_04_25.webp"
"https://teksea.net/wp-content/uploads/2026/02/img_post_noticia_01.webp","image/webp","200","OK","Indexable","","","70","","https://teksea.net/wp-content/uploads/2026/02/img_post_noticia_01.webp"
"https://teksea.net/central-de-documentos/","text/html; charset=UTF-8","200","OK","Indexable","","671c0e8f20df796e34e4d2421b5ec13c","41","https://teksea.net/central-de-documentos/","https://teksea.net/central-de-documentos/"
"https://teksea.net/wp-content/uploads/2026/03/ccm_centro_de_controle_de_motores.webp","image/webp","200","OK","Indexable","","","84","","https://teksea.net/wp-content/uploads/2026/03/ccm_centro_de_controle_de_motores.webp"
"https://teksea.net/carregador-24vcc-tekcharger/","text/html; charset=UTF-8","404","Not Found","Non-Indexable","Client Error","","47","","https://teksea.net/carregador-24vcc-tekcharger/"
"https://teksea.net/sistema-controle-luminarias-duplas/","text/html; charset=UTF-8","404","Not Found","Non-Indexable","Client Error","","54","","https://teksea.net/sistema-controle-luminarias-duplas/"
"https://teksea.net/wp-content/uploads/2026/03/tps24_1_02_04_25.webp","image/webp","200","OK","Indexable","","","67","","https://teksea.net/wp-content/uploads/2026/03/tps24_1_02_04_25.webp"
"https://teksea.net/iamcs-sistema-automacao-integrada-de-monitoracao-e-controle/","text/html; charset=UTF-8","404","Not Found","Non-Indexable","Client Error","","79","","https://teksea.net/iamcs-sistema-automacao-integrada-de-monitoracao-e-controle/"
"https://teksea.net/teksea-entrega-1-dos-6-rebocadores-a-svitzer/","text/html; charset=UTF-8","200","OK","Indexable","","d5fd553feffec139a588bd369e74622","64","https://teksea.net/teksea-entrega-1-dos-6-rebocadores-a-svitzer/","https://teksea.net/teksea-entrega-1-dos-6-rebocadores-a-svitzer/"
"https://teksea.net/wp-content/uploads/2026/03/wheelhouse_tekmation_computer_touch_screen.webp","image/webp","200","OK","Indexable","","","93","","https://teksea.net/wp-content/uploads/2026/03/wheelhouse_tekmation_computer_touch_screen.webp"
"https://teksea.net/videos/tekpower-bki-sistemas-inversores-cc-ca-com-chave-estatica/","text/html; charset=UTF-8","200","OK","Indexable","","bf8a463fcc4db7e2652bf4bb1d7a734c","84","https://teksea.net/videos/tekpower-bki-sistemas-inversores-cc-ca-com-chave-estatica/","https://teksea.net/videos/tekpower-bki-sistemas-inversores-cc-ca-com-chave-estatica/"
"https://teksea.net/2026/02/26/","text/html; charset=UTF-8","200","OK","Non-Indexable","noindex","8b3f834a6a103e5df8e8d38ce57b9dda","30","","https://teksea.net/2026/02/26/"
"https://teksea.net/videos/sistema-de-energia-para-telecomunicacoes-tekpower-by-teksea/","text/html; charset=UTF-8","200","OK","Indexable","","406691dfcea5a131728264b315a24c12","86","https://teksea.net/videos/sistema-de-energia-para-telecomunicacoes-tekpower-by-teksea/","https://teksea.net/videos/sistema-de-energia-para-telecomunicacoes-tekpower-by-teksea/"
